-- phpMyAdmin SQL Dump
-- version 5.2.1
-- https://www.phpmyadmin.net/
--
-- Host: 127.0.0.1
-- Generation Time: Nov 01, 2024 at 11:25 PM
-- Server version: 10.4.32-MariaDB
-- PHP Version: 8.2.12

SET SQL_MODE = "NO_AUTO_VALUE_ON_ZERO";
START TRANSACTION;
SET time_zone = "+00:00";


/*!40101 SET @OLD_CHARACTER_SET_CLIENT=@@CHARACTER_SET_CLIENT */;
/*!40101 SET @OLD_CHARACTER_SET_RESULTS=@@CHARACTER_SET_RESULTS */;
/*!40101 SET @OLD_COLLATION_CONNECTION=@@COLLATION_CONNECTION */;
/*!40101 SET NAMES utf8mb4 */;

--
-- Database: `hms`
--

-- --------------------------------------------------------

--
-- Table structure for table `bill`
--

CREATE TABLE `bill` (
  `Bill_ID` int(11) NOT NULL,
  `Date_Issued` date DEFAULT NULL,
  `Description` varchar(255) DEFAULT NULL,
  `Amount` decimal(10,2) DEFAULT NULL,
  `Payment_Status` varchar(20) DEFAULT NULL,
  `Patient_ID` int(11) DEFAULT NULL
) ENGINE=InnoDB DEFAULT CHARSET=latin1 COLLATE=latin1_swedish_ci;

--
-- Dumping data for table `bill`
--

INSERT INTO `bill` (`Bill_ID`, `Date_Issued`, `Description`, `Amount`, `Payment_Status`, `Patient_ID`) VALUES
(113, '2024-11-01', 'Pagesa per Kontroll', 235.00, 'Pending', 57);

-- --------------------------------------------------------

--
-- Table structure for table `department`
--

CREATE TABLE `department` (
  `Dept_ID` int(11) NOT NULL,
  `Dept_head` varchar(100) DEFAULT NULL,
  `Dept_name` varchar(100) NOT NULL,
  `Emp_Count` int(11) DEFAULT NULL
) ENGINE=InnoDB DEFAULT CHARSET=utf8mb4 COLLATE=utf8mb4_general_ci;

--
-- Dumping data for table `department`
--

INSERT INTO `department` (`Dept_ID`, `Dept_head`, `Dept_name`, `Emp_Count`) VALUES
(38, 'Laptopi', 'Pediatrics', 8),
(43, 'Laptopi', 'Pediatrics', 11);

-- --------------------------------------------------------

--
-- Table structure for table `doctor`
--

CREATE TABLE `doctor` (
  `Doctor_ID` int(11) NOT NULL,
  `Qualifications` varchar(255) NOT NULL,
  `Emp_ID` int(11) NOT NULL,
  `Specialization` varchar(100) DEFAULT NULL
) ENGINE=InnoDB DEFAULT CHARSET=utf8mb4 COLLATE=utf8mb4_general_ci;

--
-- Dumping data for table `doctor`
--

INSERT INTO `doctor` (`Doctor_ID`, `Qualifications`, `Emp_ID`, `Specialization`) VALUES
(106, 'Bachelor\'s Degree', 131, 'Neurology');

-- --------------------------------------------------------

--
-- Table structure for table `emergency_contact`
--

CREATE TABLE `emergency_contact` (
  `Contact_ID` int(11) NOT NULL,
  `Contact_Name` varchar(100) NOT NULL,
  `Phone` varchar(20) NOT NULL,
  `Relation` varchar(50) NOT NULL,
  `Patient_ID` int(11) NOT NULL
) ENGINE=InnoDB DEFAULT CHARSET=utf8mb4 COLLATE=utf8mb4_general_ci;

--
-- Dumping data for table `emergency_contact`
--

INSERT INTO `emergency_contact` (`Contact_ID`, `Contact_Name`, `Phone`, `Relation`, `Patient_ID`) VALUES
(66, 'Bledar', '212121212', 'Mother', 57),
(67, 'Bledar', '212121222', 'Mother', 57),
(68, 'Lir', '444444444', 'Father', 58),
(69, 'Filan', '232323232', 'Father', 58),
(70, 'Lind', '212121012', 'Friend', 59);

-- --------------------------------------------------------

--
-- Table structure for table `insurance`
--

CREATE TABLE `insurance` (
  `Policy_Number` int(11) NOT NULL,
  `Patient_ID` int(11) NOT NULL,
  `Ins_Code` varchar(10) NOT NULL,
  `End_Date` date NOT NULL,
  `Provider` varchar(100) NOT NULL,
  `Dental` varchar(100) NOT NULL
) ENGINE=InnoDB DEFAULT CHARSET=utf8mb4 COLLATE=utf8mb4_general_ci;

--
-- Dumping data for table `insurance`
--

INSERT INTO `insurance` (`Policy_Number`, `Patient_ID`, `Ins_Code`, `End_Date`, `Provider`, `Dental`) VALUES
(114, 57, '1234568', '2024-10-30', 'No', 'No'),
(115, 57, '1212121', '2024-10-24', 'Yes', 'No'),
(116, 58, '1234569', '2024-10-26', 'No', 'No'),
(117, 58, '1234567', '2024-11-10', 'No', 'No'),
(118, 59, '1111111', '2024-11-08', 'Yes', 'No');

-- --------------------------------------------------------

--
-- Table structure for table `medical_history`
--

CREATE TABLE `medical_history` (
  `Record_ID` int(11) NOT NULL,
  `Patient_ID` int(11) NOT NULL,
  `Allergies` varchar(255) DEFAULT NULL,
  `Pre_Conditions` varchar(255) DEFAULT NULL
) ENGINE=InnoDB DEFAULT CHARSET=utf8mb4 COLLATE=utf8mb4_general_ci;

--
-- Dumping data for table `medical_history`
--

INSERT INTO `medical_history` (`Record_ID`, `Patient_ID`, `Allergies`, `Pre_Conditions`) VALUES
(25, 57, 'No', 'No'),
(26, 58, 'Yes', 'Yes'),
(27, 59, 'Yes', 'Yes');

-- --------------------------------------------------------

--
-- Table structure for table `medicine`
--

CREATE TABLE `medicine` (
  `Medicine_ID` int(11) NOT NULL,
  `M_name` varchar(100) NOT NULL,
  `M_Quantity` int(11) NOT NULL,
  `M_Cost` decimal(10,2) NOT NULL,
  `Patient_ID` int(11) DEFAULT NULL
) ENGINE=InnoDB DEFAULT CHARSET=utf8mb4 COLLATE=utf8mb4_general_ci;

--
-- Dumping data for table `medicine`
--

INSERT INTO `medicine` (`Medicine_ID`, `M_name`, `M_Quantity`, `M_Cost`, `Patient_ID`) VALUES
(116, 'Aspirin', 5, 25.00, 57);

-- --------------------------------------------------------

--
-- Table structure for table `patient`
--

CREATE TABLE `patient` (
  `Patient_ID` int(11) NOT NULL,
  `Personal_Number` int(11) NOT NULL,
  `Patient_Fname` varchar(50) NOT NULL,
  `Patient_Lname` varchar(50) NOT NULL,
  `Birth_Date` date DEFAULT NULL,
  `Gender` varchar(10) DEFAULT NULL,
  `Blood_type` varchar(10) DEFAULT NULL,
  `Email` varchar(100) DEFAULT NULL,
  `Phone` varchar(20) DEFAULT NULL,
  `user_id` int(11) DEFAULT NULL
) ENGINE=InnoDB DEFAULT CHARSET=utf8mb4 COLLATE=utf8mb4_general_ci;

--
-- Dumping data for table `patient`
--

INSERT INTO `patient` (`Patient_ID`, `Personal_Number`, `Patient_Fname`, `Patient_Lname`, `Birth_Date`, `Gender`, `Blood_type`, `Email`, `Phone`, `user_id`) VALUES
(57, 1121211212, 'Lir', 'Geci', '2004-10-17', 'Female', 'A-', 'Lir@gmail.com', '049438420', 97),
(58, 1182819281, 'Lind', 'Geci', '2004-03-18', 'Male', 'O-', 'Lind@gmail.com', '049438421', 100),
(59, 2147483647, 'Rina', 'Rushiti', '2003-11-21', 'Female', 'B+', 'rina@gmail.com', '044864680', 101);

-- --------------------------------------------------------

--
-- Table structure for table `payroll`
--

CREATE TABLE `payroll` (
  `Account_no` int(11) NOT NULL,
  `Salary` decimal(10,2) NOT NULL,
  `Emp_ID` int(11) NOT NULL
) ENGINE=InnoDB DEFAULT CHARSET=utf8mb4 COLLATE=utf8mb4_general_ci;

--
-- Dumping data for table `payroll`
--

INSERT INTO `payroll` (`Account_no`, `Salary`, `Emp_ID`) VALUES
(13, 1000.00, 131);

-- --------------------------------------------------------

--
-- Table structure for table `rating`
--

CREATE TABLE `rating` (
  `Rating_ID` int(11) NOT NULL,
  `Emp_ID` int(11) NOT NULL,
  `Rating` tinyint(4) NOT NULL,
  `Comments` text DEFAULT NULL,
  `Date` date NOT NULL
) ENGINE=InnoDB DEFAULT CHARSET=utf8mb4 COLLATE=utf8mb4_general_ci;

--
-- Dumping data for table `rating`
--

INSERT INTO `rating` (`Rating_ID`, `Emp_ID`, `Rating`, `Comments`, `Date`) VALUES
(44, 131, 1, 'Mire', '2024-11-01');

-- --------------------------------------------------------

--
-- Table structure for table `reports`
--

CREATE TABLE `reports` (
  `Report_ID` int(11) NOT NULL,
  `personal_number` int(11) NOT NULL,
  `report` longblob NOT NULL,
  `created_at` timestamp NULL DEFAULT current_timestamp(),
  `Patient_ID` int(11) NOT NULL
) ENGINE=InnoDB DEFAULT CHARSET=latin1 COLLATE=latin1_swedish_ci;

--
-- Dumping data for table `reports`
--

INSERT INTO `reports` (`Report_ID`, `personal_number`, `report`, `created_at`, `Patient_ID`) VALUES
(167, 1121211212, 0x255044462d312e340a312030206f626a0a3c3c0a2f5469746c652028feff290a2f43726561746f722028feff290a2f50726f64756365722028feff0051007400200035002e0035002e0031290a2f4372656174696f6e446174652028443a3230323431313031323035363235290a3e3e0a656e646f626a0a322030206f626a0a3c3c0a2f54797065202f436174616c6f670a2f50616765732033203020520a3e3e0a656e646f626a0a342030206f626a0a3c3c0a2f54797065202f4578744753746174650a2f534120747275650a2f534d20302e30320a2f636120312e300a2f434120312e300a2f4149532066616c73650a2f534d61736b202f4e6f6e653e3e0a656e646f626a0a352030206f626a0a5b2f5061747465726e202f4465766963655247425d0a656e646f626a0a372030206f626a0a3c3c0a2f636120302e313439303139363037200a2f43412031200a3e3e0a656e646f626a0a382030206f626a0a3c3c0a2f54797065202f584f626a6563740a2f53756274797065202f496d6167650a2f576964746820310a2f4865696768742032300a2f42697473506572436f6d706f6e656e7420380a2f436f6c6f725370616365202f446576696365477261790a2f4c656e6774682039203020520a2f46696c746572202f466c6174654465636f64650a3e3e0a73747265616d0a789c636064646261e5e0e6131491909653505256555503000967017a656e6473747265616d0a656e646f626a0a392030206f626a0a32380a656e646f626a0a31302030206f626a0a3c3c0a2f54797065202f584f626a6563740a2f53756274797065202f496d6167650a2f576964746820310a2f4865696768742032300a2f42697473506572436f6d706f6e656e7420380a2f436f6c6f725370616365202f4465766963655247420a2f534d61736b2038203020520a2f4c656e677468203131203020520a2f46696c746572202f4443544465636f64650a3e3e0a73747265616d0affd8ffe000104a46494600010101007800780000ffdb0043000201010201010202020202020202030503030303030604040305070607070706070708090b0908080a0807070a0d0a0a0b0c0c0c0c07090e0f0d0c0e0b0c0c0cffdb004301020202030303060303060c0807080c0c0c0c0c0c0c0c0c0c0c0c0c0c0c0c0c0c0c0c0c0c0c0c0c0c0c0c0c0c0c0c0c0c0c0c0c0c0c0c0c0c0c0c0c0c0c0c0c0cffc00011080014000103012200021101031101ffc4001f0000010501010101010100000000000000000102030405060708090a0bffc400b5100002010303020403050504040000017d01020300041105122131410613516107227114328191a1082342b1c11552d1f02433627282090a161718191a25262728292a3435363738393a434445464748494a535455565758595a636465666768696a737475767778797a838485868788898a92939495969798999aa2a3a4a5a6a7a8a9aab2b3b4b5b6b7b8b9bac2c3c4c5c6c7c8c9cad2d3d4d5d6d7d8d9dae1e2e3e4e5e6e7e8e9eaf1f2f3f4f5f6f7f8f9faffc4001f0100030101010101010101010000000000000102030405060708090a0bffc400b51100020102040403040705040400010277000102031104052131061241510761711322328108144291a1b1c109233352f0156272d10a162434e125f11718191a262728292a35363738393a434445464748494a535455565758595a636465666768696a737475767778797a82838485868788898a92939495969798999aa2a3a4a5a6a7a8a9aab2b3b4b5b6b7b8b9bac2c3c4c5c6c7c8c9cad2d3d4d5d6d7d8d9dae2e3e4e5e6e7e8e9eaf2f3f4f5f6f7f8f9faffda000c03010002110311003f00fe7fe8a28a0028a28a00ffd9656e6473747265616d0a656e646f626a0a31312030206f626a0a3633350a656e646f626a0a31322030206f626a0a3c3c0a2f54797065202f584f626a6563740a2f53756274797065202f496d6167650a2f576964746820310a2f4865696768742032300a2f42697473506572436f6d706f6e656e7420380a2f436f6c6f725370616365202f446576696365477261790a2f4c656e677468203133203020520a2f46696c746572202f466c6174654465636f64650a3e3e0a73747265616d0a789c5353555556529093961011e4e3e6606561626464000015ae017a656e6473747265616d0a656e646f626a0a31332030206f626a0a32380a656e646f626a0a31342030206f626a0a3c3c0a2f54797065202f584f626a6563740a2f53756274797065202f496d6167650a2f576964746820310a2f4865696768742032300a2f42697473506572436f6d706f6e656e7420380a2f436f6c6f725370616365202f4465766963655247420a2f534d61736b203132203020520a2f4c656e677468203135203020520a2f46696c746572202f4443544465636f64650a3e3e0a73747265616d0affd8ffe000104a46494600010101007800780000ffdb0043000201010201010202020202020202030503030303030604040305070607070706070708090b0908080a0807070a0d0a0a0b0c0c0c0c07090e0f0d0c0e0b0c0c0cffdb004301020202030303060303060c0807080c0c0c0c0c0c0c0c0c0c0c0c0c0c0c0c0c0c0c0c0c0c0c0c0c0c0c0c0c0c0c0c0c0c0c0c0c0c0c0c0c0c0c0c0c0c0c0c0c0cffc00011080014000103012200021101031101ffc4001f0000010501010101010100000000000000000102030405060708090a0bffc400b5100002010303020403050504040000017d01020300041105122131410613516107227114328191a1082342b1c11552d1f02433627282090a161718191a25262728292a3435363738393a434445464748494a535455565758595a636465666768696a737475767778797a838485868788898a92939495969798999aa2a3a4a5a6a7a8a9aab2b3b4b5b6b7b8b9bac2c3c4c5c6c7c8c9cad2d3d4d5d6d7d8d9dae1e2e3e4e5e6e7e8e9eaf1f2f3f4f5f6f7f8f9faffc4001f0100030101010101010101010000000000000102030405060708090a0bffc400b51100020102040403040705040400010277000102031104052131061241510761711322328108144291a1b1c109233352f0156272d10a162434e125f11718191a262728292a35363738393a434445464748494a535455565758595a636465666768696a737475767778797a82838485868788898a92939495969798999aa2a3a4a5a6a7a8a9aab2b3b4b5b6b7b8b9bac2c3c4c5c6c7c8c9cad2d3d4d5d6d7d8d9dae2e3e4e5e6e7e8e9eaf2f3f4f5f6f7f8f9faffda000c03010002110311003f00fe7fe8a28a0028a28a00ffd9656e6473747265616d0a656e646f626a0a31352030206f626a0a3633350a656e646f626a0a31362030206f626a0a3c3c0a2f54797065202f584f626a6563740a2f53756274797065202f496d6167650a2f57696474682032300a2f48656967687420310a2f42697473506572436f6d706f6e656e7420380a2f436f6c6f725370616365202f446576696365477261790a2f4c656e677468203137203020520a2f46696c746572202f466c6174654465636f64650a3e3e0a73747265616d0a789c636060646266e5e0e21314919096535052565555030009370177656e6473747265616d0a656e646f626a0a31372030206f626a0a32380a656e646f626a0a31382030206f626a0a3c3c0a2f54797065202f584f626a6563740a2f53756274797065202f496d6167650a2f57696474682032300a2f48656967687420310a2f42697473506572436f6d706f6e656e7420380a2f436f6c6f725370616365202f4465766963655247420a2f534d61736b203136203020520a2f4c656e677468203139203020520a2f46696c746572202f4443544465636f64650a3e3e0a73747265616d0affd8ffe000104a46494600010101007800780000ffdb0043000201010201010202020202020202030503030303030604040305070607070706070708090b0908080a0807070a0d0a0a0b0c0c0c0c07090e0f0d0c0e0b0c0c0cffdb004301020202030303060303060c0807080c0c0c0c0c0c0c0c0c0c0c0c0c0c0c0c0c0c0c0c0c0c0c0c0c0c0c0c0c0c0c0c0c0c0c0c0c0c0c0c0c0c0c0c0c0c0c0c0c0cffc00011080001001403012200021101031101ffc4001f0000010501010101010100000000000000000102030405060708090a0bffc400b5100002010303020403050504040000017d01020300041105122131410613516107227114328191a1082342b1c11552d1f02433627282090a161718191a25262728292a3435363738393a434445464748494a535455565758595a636465666768696a737475767778797a838485868788898a92939495969798999aa2a3a4a5a6a7a8a9aab2b3b4b5b6b7b8b9bac2c3c4c5c6c7c8c9cad2d3d4d5d6d7d8d9dae1e2e3e4e5e6e7e8e9eaf1f2f3f4f5f6f7f8f9faffc4001f0100030101010101010101010000000000000102030405060708090a0bffc400b51100020102040403040705040400010277000102031104052131061241510761711322328108144291a1b1c109233352f0156272d10a162434e125f11718191a262728292a35363738393a434445464748494a535455565758595a636465666768696a737475767778797a82838485868788898a92939495969798999aa2a3a4a5a6a7a8a9aab2b3b4b5b6b7b8b9bac2c3c4c5c6c7c8c9cad2d3d4d5d6d7d8d9dae2e3e4e5e6e7e8e9eaf2f3f4f5f6f7f8f9faffda000c03010002110311003f00fe7fe8a28a0028a28a00ffd9656e6473747265616d0a656e646f626a0a31392030206f626a0a3633350a656e646f626a0a32302030206f626a0a3c3c0a2f54797065202f584f626a6563740a2f53756274797065202f496d6167650a2f57696474682032300a2f48656967687420310a2f42697473506572436f6d706f6e656e7420380a2f436f6c6f725370616365202f446576696365477261790a2f4c656e677468203231203020520a2f46696c746572202f466c6174654465636f64650a3e3e0a73747265616d0a789c5353555556529093961011e4e3e26065666264600000159f0177656e6473747265616d0a656e646f626a0a32312030206f626a0a32380a656e646f626a0a32322030206f626a0a3c3c0a2f54797065202f584f626a6563740a2f53756274797065202f496d6167650a2f57696474682032300a2f48656967687420310a2f42697473506572436f6d706f6e656e7420380a2f436f6c6f725370616365202f4465766963655247420a2f534d61736b203230203020520a2f4c656e677468203233203020520a2f46696c746572202f4443544465636f64650a3e3e0a73747265616d0affd8ffe000104a46494600010101007800780000ffdb0043000201010201010202020202020202030503030303030604040305070607070706070708090b0908080a0807070a0d0a0a0b0c0c0c0c07090e0f0d0c0e0b0c0c0cffdb004301020202030303060303060c0807080c0c0c0c0c0c0c0c0c0c0c0c0c0c0c0c0c0c0c0c0c0c0c0c0c0c0c0c0c0c0c0c0c0c0c0c0c0c0c0c0c0c0c0c0c0c0c0c0c0cffc00011080001001403012200021101031101ffc4001f0000010501010101010100000000000000000102030405060708090a0bffc400b5100002010303020403050504040000017d01020300041105122131410613516107227114328191a1082342b1c11552d1f02433627282090a161718191a25262728292a3435363738393a434445464748494a535455565758595a636465666768696a737475767778797a838485868788898a92939495969798999aa2a3a4a5a6a7a8a9aab2b3b4b5b6b7b8b9bac2c3c4c5c6c7c8c9cad2d3d4d5d6d7d8d9dae1e2e3e4e5e6e7e8e9eaf1f2f3f4f5f6f7f8f9faffc4001f0100030101010101010101010000000000000102030405060708090a0bffc400b51100020102040403040705040400010277000102031104052131061241510761711322328108144291a1b1c109233352f0156272d10a162434e125f11718191a262728292a35363738393a434445464748494a535455565758595a636465666768696a737475767778797a82838485868788898a92939495969798999aa2a3a4a5a6a7a8a9aab2b3b4b5b6b7b8b9bac2c3c4c5c6c7c8c9cad2d3d4d5d6d7d8d9dae2e3e4e5e6e7e8e9eaf2f3f4f5f6f7f8f9faffda000c03010002110311003f00fe7fe8a28a0028a28a00ffd9656e6473747265616d0a656e646f626a0a32332030206f626a0a3633350a656e646f626a0a32342030206f626a0a3c3c0a2f54797065202f584f626a6563740a2f53756274797065202f496d6167650a2f57696474682032300a2f4865696768742032300a2f42697473506572436f6d706f6e656e7420380a2f436f6c6f725370616365202f446576696365477261790a2f4c656e677468203235203020520a2f46696c746572202f466c6174654465636f64650a3e3e0a73747265616d0a789c85cbdd164420148661638a4a2122241a3ff77f8bb313cb389af76c3febdb51f4bf17f4bc420f884337c5f13b842ef282103eba080427490a11122cf6022765be1fa22ce35c08919f861342332ef2a294527a8319ac320150d54aa97396122059abb6d5ba3b0ce19471a04677fd60ccf90ab3b26ebade8cd64ec152ca73a9746fec343b7718062baaa63376769f65398dc16bdb8f13d0badea6f46067a06d0b4698900a5e1dd0be5f967b9b827d01558e0e7b656e6473747265616d0a656e646f626a0a32352030206f626a0a3138300a656e646f626a0a32362030206f626a0a3c3c0a2f54797065202f584f626a6563740a2f53756274797065202f496d6167650a2f57696474682032300a2f4865696768742032300a2f42697473506572436f6d706f6e656e7420380a2f436f6c6f725370616365202f4465766963655247420a2f534d61736b203234203020520a2f4c656e677468203237203020520a2f46696c746572202f4443544465636f64650a3e3e0a73747265616d0affd8ffe000104a46494600010101007800780000ffdb0043000201010201010202020202020202030503030303030604040305070607070706070708090b0908080a0807070a0d0a0a0b0c0c0c0c07090e0f0d0c0e0b0c0c0cffdb004301020202030303060303060c0807080c0c0c0c0c0c0c0c0c0c0c0c0c0c0c0c0c0c0c0c0c0c0c0c0c0c0c0c0c0c0c0c0c0c0c0c0c0c0c0c0c0c0c0c0c0c0c0c0c0cffc00011080014001403012200021101031101ffc4001f0000010501010101010100000000000000000102030405060708090a0bffc400b5100002010303020403050504040000017d01020300041105122131410613516107227114328191a1082342b1c11552d1f02433627282090a161718191a25262728292a3435363738393a434445464748494a535455565758595a636465666768696a737475767778797a838485868788898a92939495969798999aa2a3a4a5a6a7a8a9aab2b3b4b5b6b7b8b9bac2c3c4c5c6c7c8c9cad2d3d4d5d6d7d8d9dae1e2e3e4e5e6e7e8e9eaf1f2f3f4f5f6f7f8f9faffc4001f0100030101010101010101010000000000000102030405060708090a0bffc400b51100020102040403040705040400010277000102031104052131061241510761711322328108144291a1b1c109233352f0156272d10a162434e125f11718191a262728292a35363738393a434445464748494a535455565758595a636465666768696a737475767778797a82838485868788898a92939495969798999aa2a3a4a5a6a7a8a9aab2b3b4b5b6b7b8b9bac2c3c4c5c6c7c8c9cad2d3d4d5d6d7d8d9dae2e3e4e5e6e7e8e9eaf2f3f4f5f6f7f8f9faffda000c03010002110311003f00fe7fe8a28a0028a28a0028a28a0028a28a00ffd9656e6473747265616d0a656e646f626a0a32372030206f626a0a3634330a656e646f626a0a32382030206f626a0a3c3c0a2f54797065202f584f626a6563740a2f53756274797065202f496d6167650a2f57696474682032300a2f4865696768742032300a2f42697473506572436f6d706f6e656e7420380a2f436f6c6f725370616365202f446576696365477261790a2f4c656e677468203239203020520a2f46696c746572202f466c6174654465636f64650a3e3e0a73747265616d0a789c6dcbeb16433010465155218904210411d4e5fd5fb1934b175dedf9b9e79b28faed01fd33df65b1ef8b93a7cfb337e44a92a0ce30cea034455603521b8183d5d85bc139672ca7e4864288aa2c38cb094e513029655303f31c967608d62bd575b21180380b43adc7a1572d20a3194a9ccdc64c7ae8dba68261785ed765367a5052148c64deb6edb52e46f76d5d822167fb0e384f4307cf34d871002e6654f2b2f3045ce1590a4ef1dd666bc5c7ded0b80e7b656e6473747265616d0a656e646f626a0a32392030206f626a0a3137390a656e646f626a0a33302030206f626a0a3c3c0a2f54797065202f584f626a6563740a2f53756274797065202f496d6167650a2f57696474682032300a2f4865696768742032300a2f42697473506572436f6d706f6e656e7420380a2f436f6c6f725370616365202f4465766963655247420a2f534d61736b203238203020520a2f4c656e677468203331203020520a2f46696c746572202f4443544465636f64650a3e3e0a73747265616d0affd8ffe000104a46494600010101007800780000ffdb0043000201010201010202020202020202030503030303030604040305070607070706070708090b0908080a0807070a0d0a0a0b0c0c0c0c07090e0f0d0c0e0b0c0c0cffdb004301020202030303060303060c0807080c0c0c0c0c0c0c0c0c0c0c0c0c0c0c0c0c0c0c0c0c0c0c0c0c0c0c0c0c0c0c0c0c0c0c0c0c0c0c0c0c0c0c0c0c0c0c0c0c0cffc00011080014001403012200021101031101ffc4001f0000010501010101010100000000000000000102030405060708090a0bffc400b5100002010303020403050504040000017d01020300041105122131410613516107227114328191a1082342b1c11552d1f02433627282090a161718191a25262728292a3435363738393a434445464748494a535455565758595a636465666768696a737475767778797a838485868788898a92939495969798999aa2a3a4a5a6a7a8a9aab2b3b4b5b6b7b8b9bac2c3c4c5c6c7c8c9cad2d3d4d5d6d7d8d9dae1e2e3e4e5e6e7e8e9eaf1f2f3f4f5f6f7f8f9faffc4001f0100030101010101010101010000000000000102030405060708090a0bffc400b51100020102040403040705040400010277000102031104052131061241510761711322328108144291a1b1c109233352f0156272d10a162434e125f11718191a262728292a35363738393a434445464748494a535455565758595a636465666768696a737475767778797a82838485868788898a92939495969798999aa2a3a4a5a6a7a8a9aab2b3b4b5b6b7b8b9bac2c3c4c5c6c7c8c9cad2d3d4d5d6d7d8d9dae2e3e4e5e6e7e8e9eaf2f3f4f5f6f7f8f9faffda000c03010002110311003f00fe7fe8a28a0028a28a0028a28a0028a28a00ffd9656e6473747265616d0a656e646f626a0a33312030206f626a0a3634330a656e646f626a0a33322030206f626a0a3c3c0a2f54797065202f584f626a6563740a2f53756274797065202f496d6167650a2f57696474682032300a2f4865696768742032300a2f42697473506572436f6d706f6e656e7420380a2f436f6c6f725370616365202f446576696365477261790a2f4c656e677468203333203020520a2f46696c746572202f466c6174654465636f64650a3e3e0a73747265616d0a789c75cd491683201045d1c2d8a0824a44d1206a1af7bfc57cd07483bc59dd5305dbf6b8dfd6d90e5a55054f4e1123da82396ff2650fd0757117a31b5964bbdd41eb3c8d7dfbb11b68c16977ae457ed8ba2eb3b3a3c117b038d8ecdc64c7a1c369c9d3ddacbd8c83e95a550b3c17470c3618d3f71a84b5f01c4c6bdd9e5503cab3e3949402545294394f8f35aaa494429405b692f8b0c297f3ec8b88630478f1142c09c55e5e4418424176a2688fb10f117b47ef7ea7ff3d015bf60e7b656e6473747265616d0a656e646f626a0a33332030206f626a0a3138390a656e646f626a0a33342030206f626a0a3c3c0a2f54797065202f584f626a6563740a2f53756274797065202f496d6167650a2f57696474682032300a2f4865696768742032300a2f42697473506572436f6d706f6e656e7420380a2f436f6c6f725370616365202f4465766963655247420a2f534d61736b203332203020520a2f4c656e677468203335203020520a2f46696c746572202f4443544465636f64650a3e3e0a73747265616d0affd8ffe000104a46494600010101007800780000ffdb0043000201010201010202020202020202030503030303030604040305070607070706070708090b0908080a0807070a0d0a0a0b0c0c0c0c07090e0f0d0c0e0b0c0c0cffdb004301020202030303060303060c0807080c0c0c0c0c0c0c0c0c0c0c0c0c0c0c0c0c0c0c0c0c0c0c0c0c0c0c0c0c0c0c0c0c0c0c0c0c0c0c0c0c0c0c0c0c0c0c0c0c0cffc00011080014001403012200021101031101ffc4001f0000010501010101010100000000000000000102030405060708090a0bffc400b5100002010303020403050504040000017d01020300041105122131410613516107227114328191a1082342b1c11552d1f02433627282090a161718191a25262728292a3435363738393a434445464748494a535455565758595a636465666768696a737475767778797a838485868788898a92939495969798999aa2a3a4a5a6a7a8a9aab2b3b4b5b6b7b8b9bac2c3c4c5c6c7c8c9cad2d3d4d5d6d7d8d9dae1e2e3e4e5e6e7e8e9eaf1f2f3f4f5f6f7f8f9faffc4001f0100030101010101010101010000000000000102030405060708090a0bffc400b51100020102040403040705040400010277000102031104052131061241510761711322328108144291a1b1c109233352f0156272d10a162434e125f11718191a262728292a35363738393a434445464748494a535455565758595a636465666768696a737475767778797a82838485868788898a92939495969798999aa2a3a4a5a6a7a8a9aab2b3b4b5b6b7b8b9bac2c3c4c5c6c7c8c9cad2d3d4d5d6d7d8d9dae2e3e4e5e6e7e8e9eaf2f3f4f5f6f7f8f9faffda000c03010002110311003f00fe7fe8a28a0028a28a0028a28a0028a28a00ffd9656e6473747265616d0a656e646f626a0a33352030206f626a0a3634330a656e646f626a0a33362030206f626a0a3c3c0a2f54797065202f584f626a6563740a2f53756274797065202f496d6167650a2f57696474682032300a2f4865696768742032300a2f42697473506572436f6d706f6e656e7420380a2f436f6c6f725370616365202f446576696365477261790a2f4c656e677468203337203020520a2f46696c746572202f466c6174654465636f64650a3e3e0a73747265616d0a789c6dcdd11682201045d1b130514125513442cdeaff7fb10b91b65a9dc7cdcc40941c8e292f2aa5073b2debfdf17c5234e9cd7d5b56c8469b8b9b6fc0c76e6d3f5ea705788f968bfadc617906aec1180c9f98d1ba695e96b79d7889e56e18edd5b909961c180e8a5ab59d19c68bb5c170108340ddf7c60c1497b31cd8a873abb5a63878e279296405562a1a4b3159944248292bfac28ce785ef6d40af603c70faa0579686e88341438c76f41ca2ad648b7efa67be17e0bd0e7b656e6473747265616d0a656e646f626a0a33372030206f626a0a3138360a656e646f626a0a33382030206f626a0a3c3c0a2f54797065202f584f626a6563740a2f53756274797065202f496d6167650a2f57696474682032300a2f4865696768742032300a2f42697473506572436f6d706f6e656e7420380a2f436f6c6f725370616365202f4465766963655247420a2f534d61736b203336203020520a2f4c656e677468203339203020520a2f46696c746572202f4443544465636f64650a3e3e0a73747265616d0affd8ffe000104a46494600010101007800780000ffdb0043000201010201010202020202020202030503030303030604040305070607070706070708090b0908080a0807070a0d0a0a0b0c0c0c0c07090e0f0d0c0e0b0c0c0cffdb004301020202030303060303060c0807080c0c0c0c0c0c0c0c0c0c0c0c0c0c0c0c0c0c0c0c0c0c0c0c0c0c0c0c0c0c0c0c0c0c0c0c0c0c0c0c0c0c0c0c0c0c0c0c0c0cffc00011080014001403012200021101031101ffc4001f0000010501010101010100000000000000000102030405060708090a0bffc400b5100002010303020403050504040000017d01020300041105122131410613516107227114328191a1082342b1c11552d1f02433627282090a161718191a25262728292a3435363738393a434445464748494a535455565758595a636465666768696a737475767778797a838485868788898a92939495969798999aa2a3a4a5a6a7a8a9aab2b3b4b5b6b7b8b9bac2c3c4c5c6c7c8c9cad2d3d4d5d6d7d8d9dae1e2e3e4e5e6e7e8e9eaf1f2f3f4f5f6f7f8f9faffc4001f0100030101010101010101010000000000000102030405060708090a0bffc400b51100020102040403040705040400010277000102031104052131061241510761711322328108144291a1b1c109233352f0156272d10a162434e125f11718191a262728292a35363738393a434445464748494a535455565758595a636465666768696a737475767778797a82838485868788898a92939495969798999aa2a3a4a5a6a7a8a9aab2b3b4b5b6b7b8b9bac2c3c4c5c6c7c8c9cad2d3d4d5d6d7d8d9dae2e3e4e5e6e7e8e9eaf2f3f4f5f6f7f8f9faffda000c03010002110311003f00fe7fe8a28a0028a28a0028a28a0028a28a00ffd9656e6473747265616d0a656e646f626a0a33392030206f626a0a3634330a656e646f626a0a34302030206f626a0a3c3c0a2f54797065202f584f626a6563740a2f53756274797065202f496d6167650a2f5769647468203331320a2f486569676874203330370a2f42697473506572436f6d706f6e656e7420380a2f436f6c6f725370616365202f4465766963655247420a2f4c656e677468203431203020520a2f46696c746572202f4443544465636f64650a3e3e0a73747265616d0affd8ffe000104a46494600010101007800780000ffdb0043000201010201010202020202020202030503030303030604040305070607070706070708090b0908080a0807070a0d0a0a0b0c0c0c0c07090e0f0d0c0e0b0c0c0cffdb004301020202030303060303060c0807080c0c0c0c0c0c0c0c0c0c0c0c0c0c0c0c0c0c0c0c0c0c0c0c0c0c0c0c0c0c0c0c0c0c0c0c0c0c0c0c0c0c0c0c0c0c0c0c0c0cffc00011080133013803012200021101031101ffc4001f0000010501010101010100000000000000000102030405060708090a0bffc400b5100002010303020403050504040000017d01020300041105122131410613516107227114328191a1082342b1c11552d1f02433627282090a161718191a25262728292a3435363738393a434445464748494a535455565758595a636465666768696a737475767778797a838485868788898a92939495969798999aa2a3a4a5a6a7a8a9aab2b3b4b5b6b7b8b9bac2c3c4c5c6c7c8c9cad2d3d4d5d6d7d8d9dae1e2e3e4e5e6e7e8e9eaf1f2f3f4f5f6f7f8f9faffc4001f0100030101010101010101010000000000000102030405060708090a0bffc400b51100020102040403040705040400010277000102031104052131061241510761711322328108144291a1b1c109233352f0156272d10a162434e125f11718191a262728292a35363738393a434445464748494a535455565758595a636465666768696a737475767778797a82838485868788898a92939495969798999aa2a3a4a5a6a7a8a9aab2b3b4b5b6b7b8b9bac2c3c4c5c6c7c8c9cad2d3d4d5d6d7d8d9dae2e3e4e5e6e7e8e9eaf2f3f4f5f6f7f8f9faffda000c03010002110311003f00fdfca28a2800a28a2800a28a2800a28a2800a28a2800a28a2800a28a2800a28a2800a28a2800a28a2800a28a2800a28a2800a28a2800a28a2800a28a2800a28a2800a28a2800a28a2800a28a2800a28a2800a28a2800a28a2800a28a2800a28a2800a28a2800a28a2800a2b37c5be31d23c03e1eb9d5f5dd534ed174ab25df71797d7296f6f02fab3b90aa3ea6aa7c34f899a17c61f04d9788fc35a8c5ab689a96f36b771a32a4e11d90b2ee0095dca707186182090412aeaf6ea67ed61cfecb99735af6babdbbdb7b79d8dda09c0af21fdbbfe20f89fe117eca9e2bf177842e5adb57f0a4706b0e0431cc27b482e2392ee221d4801ad9661918233904119ad7f1f7ed7ff0b7e166996d75e22f1ff853485bd8926b786e3518c5cdc2b80ca52107cc7c820e1549e6a1d58a6d3d0e5a998d0a75654aac94795295db4959b6b76d6cd59faa3bfd2f55b5d734f8aeecae6def2d671ba39a090491c83d430c823e9562be62ff00825378eb4cd73e02788fc31a44d34ba6780bc5faae93a699eda5b595f4f92737966e629555d4182e914654709c71cd7d3b4529f3c14bb865b8d58bc2d3c4afb4afa6aafaa6afd754ff0000a28a2b43b82b2bc6de3bd13e1af866eb5af116afa6685a4592eeb8bdd42e52dade11eacee428fceb56be68bdf0ad87ed21ff000510d7f4df155bc5a9681f07fc3fa5de68da3dd0125acda8ea0f745f5068cf0ef1476eb1216042177230c7359d49b8a496ef43871f8a9d18c23492739c9455f6bb4ddddb5b249bb2d5e896f75e97f097f6cdf851f1db5f3a4f843e2178535ed570596cadb508cdcc8a064b2464867500672a08f7af4caf3afda57f674f0cfed11f0caf34ad72dadedaead6269f4ad623022bcd06e506e8aeade618689e3601b2a464020e4120e7fec39f17355f8f1fb217c3bf17ebaa06b3aee876f3deb05da26976ed6940ec1ca9703fdaa5194b9b925ea6587c4d78e23eab89b36e3cc9c6e9349a4d34db69a6d7569a7d1a68f55a2b91f8f9f18b4dfd9f3e0af8a3c6dab7cd61e18d366bf9230db5ae191494894ff79df6a0f7615aff000ff5ebff0015780f44d5354d2db43d4f52b082eaef4e69bce6b095e356784bed5dc51895ced19c74157ccafcbd4ed55e9fb5f617f7ad7b795edf99af453219d2e1498dd1c2b15254e7041c11f5078a7d51b0514514005145140051451400514514005145140051451400514514005145140051451400514514005145725f1dfe25ddfc1af841aff8aacb40bff144da05a9bc6d32c9d52e2e62420c9e5eee0b2c7b982f56db81c9149b495d99d5ab1a709549ec936fae8b57b5d9d6d54f105a5ddfe837b069f78ba7dfcf6f2476d74d08985b4a548490a1203856c1da48ce319154be1ef8ff0048f8a9e06d23c49a05f43a968bae5a477b657311f96689d4329f5070790790720f22b628d1ad071946a439a2ee9add766b74d7ae8cf88bf6b8fd9763f8176be0df8cfe29d7fc43f156e3c05afc375e274f11f977365fd973836f3cd6d60882de06b769127531a6e0236dced8cd7db3693c5756b14b03c724122068de320a329190411c118aa5e2ef0a69fe3bf0a6a7a1ead6d1dee97ac5a4b63796f20cacf0c8851d0fb15623f1af3afd8bbc03e2ef849fb3fe97e0ff00193a5cdf784a69f47d3ef84eb2b6a5a6c32b2594ef8fbae6dc46194f39524f5ac614f926f9568ff35fe68f1f0982583c6c9518fb9515dbd5da71d356db7ef45a7ab7ac5ed73d07c73e10b3f885e09d6340d453ccd3f5cb19b4fb95fef452c6d1b8ff00be58d7ce7ff04a4f863e13f0f7ec99e18b8b4f08f86746f16e88d75e1fd76eed34c861bb9ef2c6e65b495e590287677f28392c493bebea1a4540830000324f03b9ab74d39a9f63b2ae5f09e2e18b695e31947549eed3567d2cd74dee791fc3ef83badf80ff006c8f88be29863b76f09f8f346d26695fcd1e6c7aa5a79f6ee3675dad6c6dfe6f58c0ed5eb7321962655768cb02032e32bee3391f98a7515518a8ab237c3e1a1462e10d9b94be727776f2bdfef679afec7fa4f8bb44fd9c3c316fe3ad4753d57c52b14af7973a8a225db869e46884a14050eb118d4e0755f5af4aa28a231e5491586a2a8d28d24dbe5495deadd95aedf70af1df8eff00b3b6bdaefc4dd33e23fc3bd734ff000f78fb4bb13a55c26a56ed71a5f882c0bf982d6e95087529212f1cb19dc859c6183115ec545138292b3271585a78887b3a9dd34d3b34d6cd35b35fe7ba6d3f9bfc71e00fda03f68af0f5c784bc472fc3ef86de17d56336bacea3e1dd52eb56d5ef2dd86258ad7cdb7823b7f31495f31bcc640c485ce0d7bef833c1fa6fc3df08695a068d691d8691a25a4561656d1fddb78624088833d82a81f8569d1530a6a2efbbf331c2e021466eab94a526ad793bbb2d6cb4492beba2d5eadbe9f39fedc96e7e277c56f823f0ba721745f18f89e4d63580df76eedb4980deadab0ee249c4048f48dabd7fe3d7c5fd3be007c17f1478d755e6c7c33a6cd7ee99c19d91494897fda77da83dd85677ed05fb3d697fb41f87b4e86eaff54d0b5af0fdeaea7a1eb9a5c8b1df68f74aac9e6465832b2b23323c6eac8eac411d08f399bf63df1b7c4ed7b468fe29fc545f1b785341be87528b42b0f0d45a3c7aa5cc2c1e07be759643322380fe522c68ccaa482005ace4a6a527157becfb69d7f33cdad0c651ad5e5469f34aa72f2caead1b47952926d3b45b72d13e6bdb46751fb0efc21d47e0dfecdda1daebff003f8b75e69bc43e24948c34ba9dec86e2e33fee349e58ff006635af5a9a64b685e491d638e352cccc70aa072493d853abe66fdb77e2237c5af88be1afd9d7c3fac47a6eb1f10a092fbc4d751dc2c771a6f87e23fbf58f27266b9c18500070a6562005cd5b6a94125e8bccebab529e5b828c60afca9462afaca4f48abf793d5bff0013e87d1fa26b765e25d22db50d3af2d750b0bd8d66b7b9b69565867461957475243291c820e0d5aaf94fe34fc2eb4ff8276f84e5f88ff0cee26d0fc1da4dddaffc247e0a3219349bfb79a78e079ed118936b76be6061e5909295c32127757d594e136db8c959a36c1e2e75252a35e3cb52366d2774d3bd9a7a3b3b3566934d6bd1b28a28ad0ef0a28a2800a28a2800a28a2800a28a2800a28a2800a28a2800a28a2800a28af25fdbaf42f12ebffb22f8f63f076abab68fe25b4d31afec6e34cb96b6bb76b7659cc31c8bca9956368b23fe7a54ce5cb172ec73e2abba34275945cb953765bbb26ecbcdd8f5aa2be3ed4be3d7c4afd98be0768ff1163f14e87f18be1a6af696b77630eb0174af14ba5caa9821825810c17d33060046628e473c6e279af6cf817fb5ff0086be38f88e6f0e8d3fc51e12f18da5b7db2e7c3be23d265b0be8a10554c8a48314a99603744ee391d3359c6bc5be57a3febe47061b3bc355a8a8cef09b49a52eb7d55a4af177e9669bfe53c8347f1de91ff04d2f8d1aaf86bc4b7a9a3fc18f1d3dceb7e17bd9158c1e1ed4b996f34ac283849be69e0400658cb1a8638af58f831f15fc7ff1b3c683593e154f067c36481c5aaeb913aebfadb9c6c9840182d9c2392165dd2bf1948ebd4756d02c35e36a6facad2f7ec53add5bf9f0ac9f6799721644c83b5c64e1872326add11a4e2ec9e9dbfae82c2e5b568cf92352d493bc62959abebcae5afba9df96292d1d9bb24828a28ad8f6028a28a0028a28a0028a28a0028a28a0028a28a0028a28a002bc2b4dff00827ff82f598fc6775e3443e33f1078d75c6d667d667436b7ba76cf92ce1b49636f32dc5b4584468dc3125dbf8c8af75a2a2508cbe2573971382a188b7b78295af6beab5567a6db75dd74b6e7c6ff00b23fecedac7ed2bf0e741d77e26fc4af19f8db4af0bf893528adbc377a2d63b2371a76a9736d6f25d491c2b35d15104720595c8dfc907a57d9154b42f0de9fe17b69a1d36c6d34f86e2e25ba923b68562492691cbc9210a002cee4b31ea4924e493576a6952508dba9cf95e5d0c1d1505acacb9a576db6b45ac9b7b6caf65ad9051452330452490001924f415a9e90b4514500145145001451450014514500145145001451450014515e0dfb60fc6ed42d7c53e15f843e11d5e1d0fc75f137ce58b5495d53fb134e8866eaea20d8f32e769d90c6b93bdb79c2c6d5139a8abb397198b861a93ab3f249756dbb24bcdb692fbde899ee9657f06a56fe6db4d15c4459937c6e1d72ac55864770c083e8411529018104020f515e3be1cf14f877f671f14f803e0a781f417be97ec6f71710433855d0b4c40dbafae5c8259e59c85507e6964791b3f2b1af561e21b06d7db4a17d667544b7176d67e72fda1612c504a533bb6160577631904678a232befb861f131a89a935ccaca56d94ac9b49bb5ed7ff00349e8be49fd83ff67bd3bc3df193c73a27892faf75bd43e0aebb2e9be0ed32ef69b3f0f6917a9f6bb59e14030d3ba4cf0999b2cab6fb17680c0fd85505be976d697b717315bc115cddedf3e548c2bcdb4617711cb607033d054f4a953508f2a30caf2e860a87b08777af95ddafbed1b47d22924968145145687a2145145001451450014515f16ffc14a7fe0af67fe09e7f17743f0a8f87a3c5ff00db3a3aeabf6afeddfb079399a58bcbd9f67973feab3bb23ef631c64e55ab429479e6ec8f3735cdb0996e1de2f1b2e582695ecdeaf6d126cfb4a8afca2ff889d9bfe888affe161ffdc547fc44ecdff44457ff000b0ffee2ae5fed3c37f37e0cf97ff8895c39ff00411ff924ff00f913f5768afca2ff00889d9bfe888aff00e161ff00dc55f47ffc1353fe0ae6ff00f050ef8a7aff0086ff00e15e8f08a687a57f699bafeddfb7f9c7ce8e311ecfb3c5b7ef939c9fbb8c739aba78fa13928465abf267665fc7791e37110c261abf34e6ec972c95deaf76add0fb3a8a28aec3eb828a28a0028a28a0028a28a00a1e28f14e9be08f0e5f6b1ac5fda697a569b0b5c5ddddd4ab1436f1a8cb3bb3600007735f25f877c5f73ff0562d4b5582c353b8d0be016877a6c2fa0b6b86b7d63c6f32aab98e6da44969625594ed3b65995813b55863e96f8c3f037c2ff1f741b0d2bc5da5a6b5a569fa843a9a594b2badbcf345931f9d1a90b320273e5c819090a483815c27c5efd9ab5c8fe250f885f0b35ad2fc27e3696d92c755b6d42d1ee347f135bc7fea92ee38d95d658b24473c677aa92843290073d68cdbfeef55d5ff005dbafe7e0e6d87c5569256e6a2be28a7ef4fbf65cab4bc2e9cd5d3924b9659ff00b34f8935cf83ff0015f51f829e27d46e35f5d2b491ae784b5bb87df75a869026103dbdd1fe2b8b691e24327fcb549636386dd9f78af16f809fb3d78b74af8bbaa7c4bf899e20d235cf1adf698343b1b4d16d64b6d2742b0f344cf14224669257964547791c8276228002d7b4d5d14d475f97a1d794c2ac70fcb5134aef954be250bfba9eaf55af56d2e54db698514515a9e98514514005145140051451400514514005715f1e3f67bf09fed27e077d03c5ba5a5fdaac82e2d674730dde9b70bca5c5bccb878a553c86523d0e4120f2ff001dbf6aa9ff00674f18c27c43e06f155c780a4b55926f1669308d461d366dcdbd6e6d62cdc4712a843e72aba92c4103193df7c34f8a7e1bf8cbe11b6d7bc29aee95e22d1aec7eeaf34fb959e263dd495270c3ba9c107820567cd093707f71c12c46131329e0e6d37d62d6ebbd9a575e6aebcd347c99e12bcf197fc135fc49e2b93c51e1cf137c60d37c6b749269fe33d363375ae5d5cac6b0d9e99a9464fc8321638a78f116e932caacec6bde3f659f819aa7c3db1d5bc59e339adf50f897e39912ef5fb984ee86c55411069d6c4f4b7b7525477763248797e3d6a8a8850517be8b6f2ff33970593430f34d4dca11bf245fd96ef777de4f569395da4dabbbdc28a28adcf6428a28a0028a28a0028a28a002bf173fe0e50ff93b9f047fd8a11ffe96dd57ed1d7e2e7fc1ca1ff2773e08ff00b1423ffd2dbaaf3736ff00767ea8fce7c55ff927a7fe387fe94cfceaa28a2be54fe5d0afd43ff8367bc273b7c42f8a1ae988fd9934eb4b0593b6f32b3b2fe4aa6bf2f2bf73bfe0825f0525f84dfb2e6a17573198eef5eb886eae14ae0ab946700fa111bc408f55ad709552c651a4b7937f728b6ff4fbcfbff0cb072ad9fd19ada1cd27ff0080b4bf33eeaa28a2bedcfea90a28a2800a28a2800a28a2800a28a28012491618d9dd9551465989c003d4d7cdbf123fe0a0b26b579ab69df057c17a97c62bff000f079357bfd3e75b7d16c446373c0b76d95b8ba2a3090c3bbe661b99706bb1fda2bf6464fda8bc4905b78a7c61e255f87c967e55cf84b4c97ec106a971b9b325cdc4644d247b4a01082abb93712d9c0f1efd97ff006d3f875fb2e784356f849e3ff15683e1bbff00851792e8569a8cb18b4b2d7ad225478a488aa88dae96296359e24cb89431c10e2b96ad492972b7cabbff005b7ccf9accf1f5e15950a935429cae9546e2db695ecafeec55b54e576ecd24aeaff52fc2df899a37c65f875a2f8abc3f76b7ba2ebf691deda4c060b238ce187f0b0e4329e558107915bd5e01ff0004ed86e6e7e17f8c3588b4cd4346f0b789fc67a9eb5e15b3bc81ada58f4c9da3612792c034492cff006999508042cca70335eff5b5293941499ec65b8996230b4eb4d6b25f2eaaeafad9daebc9a0a28a2b43b428a28a0028a28a002b9df8aff13b4df835f0ff0052f136b11ea72697a4a2c973f60b09afa7442eaa5c4512b3b2aeedcc403b55589e01ae8a8a4ef6d08a8a4e2d41d9f476bd9fa697f4b9f3e7c73fdafb48f1c7ecf7672fc23f13691e21f127c45be8fc33e1ab9b19c4c2d2ee75264b89141dc9f6681659d958023ca00819aaba77fc1337c11f0fb4fd16e3e1d6a7e21f865e27d16cedecdb5af0fdc2c6dabac4a1737d6eead6f765b04b348858939dd5adf197fe09ede06f891e3d8fc71e1efb6fc38f8936acd25bf8a3c37b2dae5dd8107ed111530dcab03861221257237015defc02d2be22685e15bbb2f891ab78675fd4ed6e8c765a9e8f69259fdbed822ed927858b2c7316de0ac6c5300118ce0732a6e53fdeabf66bfaba67cec30556be29ff0069d252d1284a3f0ab6adead4e1293ed7d124a5d1f743a514515d47d285145140051451400514514005145140057e2e7fc1ca1ff2773e08ff00b1423ffd2dbaafda3afc5cff0083943fe4ee7c11ff0062847ffa5b755e6e6dfeecfd51f9cf8abff24f4ffc70ff00d299f9d54515dafc0af80faefed01e348f48d1a12234c35dde3a9f26ca3cfde63ebd70bd58fe247c856ad4e8d3756abb456adb3f9869529d59aa74d5dbd91d7fec59fb3b4bf1cfe27c57179016f0e686eb717ecc3e49d81ca41efb88e7d141e848afdfefd8b7c2dff08cfc01d2dd93649aa4b2deb8c7f79b6a9fc5110fe35f027c08f81b61f0dfc3ba3783bc39013e64c902bb0fde5dcf210a64723ab31c7d0600c0000fd44f0d6830f85bc3b61a65b0c5be9f6f1db47c63e5450a3f415e5f0562a59a66b5b30b5a9d38f247fede776fd5a5f7591fd09e18e44b08ea5697c4959bf37d3e497e25da28a2bf553f600a28a2800a28a2800a28a2800a28a28011c1284290ac47048ce0d79dfece7fb3e59fc0cf835a4786af278bc41a94134ba96a7a9dc4037ea5a94f2bcd717441ce0b4b2391c92abb4678af45ae5be327c67f0f7c03f01dc7893c4f773d9e956d24709682d26bb9649246091c691c4acecccc428007522a64a2bde97439abc2845fd66b5972a7abd92766fcba2d7e4753457ce1ff000bbbe387ed0bfbbf87de01b7f867a04dc0f1178f949bf753c16834a85b7861d47da258c1eebdabd67e04fc2fd6fe15f84ae2d3c45e38d7bc7dabdf5d35e5cea3a9c305b8466555f2e08614558a11b3213e6c1663b8e6a635399e89dbbff5a9861b305889da9425c9fccd72af9295a4efdd452f3676d45145687a014514500145145001451450014514500145145001451450014514500145145001451589e24f893a0784037f696b1a7da3af58de61e67fdf03e63f95635f114a8c3da56928aeeda4bef6d1329c62af27636ebf173fe0e50ff93b9f047fd8a11ffe96dd57e9d78d3f6d6d0747478f46b3bbd5a61c2c8e3c887ebcfcc7e9b47d6be59f8e034ef8f9f166cfc6be22d1748b9d7b4cb35b0b198c1b859c2b23c80206270dba463bbef738ce381f9e71278819451a2e8d09fb59f68edf393d3eeb9f01c76a966596cb01466b99ca2efab4926dbff807e6afecdfff0004ff00f13fc647b7d4f5c49fc35e1c7c3f9b3262eaed7fe99467a023f8db8e720374afbb7e1afc28d07e0df84e2d1bc3d61158d94477363e69277c0cbbb1e598e3a9f60300003ad9aab346d34811159dd982a803249f415f8b66fc418bcca56a8ed1e915b7cfbbf5f9247e7580c8f0d808feed5e4f793dfe5d9792fc4f5dfd883e1c1f177c593abcc9bacfc3d1f9d9238699c158c7e1f337d5057d975c0fecd9f09ffe1517c2eb3b19902ea5787ed77c7b89580f93fe02a02fa6413debbeafe86e0ac95e599542954569cbde97abe9f2565eb73f6be1fcb9e0f0718497bd2d5fabe9f2565f78514566f893c61a5783ed3cfd5350b4b18cf4334814b7d0753f857d455ab0a50752a49452ddb692fbdd91ed3924aecd2a2bc8bc51fb61e81a63b47a5da5e6ace3a39fdc447f1605bff1dae2757fdaebc47a9122d2df4eb043d0ac66471f8b1c7fe3b5f1598788d90e11b8fb6e76bf91397e3a2fc59c92c7d14ec9dfd0fa4e8af932efe3778b35572d2eb97aa5ba88984407fdf005571e3fd7ae31e66b7abc9fef5e487fad7cb56f1930117fbbc3cdfab8aff32a38a8cb647d77457907ecabab5d6a926bc6e6e6e2e4a0b7dbe6c85f6e7cdce335ebf5fa3f0e6751cdb2fa798421c8a77d1bbdacdadd7a1d29dd5c28a28af6c614514500145782fed21e2df15fc4df8e7a07c1ef06ebd73e10fb76932f88fc4fafda2235f5969cb30822b7b4de195679e52e3cc20f9690b100b118c8d73f60ed47e1ce8d36b3f0bfe247c47d37c6d6686780ebfe24bad6b4bd6a55e7cabdb7b86652927dd2f16c74ddb94f1838baaeef9637b7f5a1e4d4ccab73cd61e8b9c60ecdf325aa49b514fe26aeafac55f44ee7d2345711fb377c6883f688f815e18f1a416afa79d7ac9669ecddb73595c29293c04f731caae99efb735dbd6b1926ae8f468d6855a71ab4dde3249af46ae828a28a66a14514500794fed35f1cb5ef87179e15f0b78274ad3759f1ef8eeea6b7d2a2d4a678b4fb28608fcdb9bcb96405cc512941b53e6779514119cd79dcdfb6178b3f65bf1cd8e8ff00b4149e05b0d23c436b3cda2f897c36b771db4b710ec2f652daca64944ccae1a3f2d9f7ed650b9e2b43f689d2fe24784ff6b3f0c78ffc2df0f1be22687a27856f747fb2dbebb6ba75d5a5c5d5d5bcb24a8b7042bfeeed635fbc3ef1f4af33f89dfb565eeaff00b4b7c31f11f8bbe0efc63f0a787fc0d6fabdc5f5c4fe196d5218ef278a082dca3d8b4e0a88dae4963820edc039ae2ab51a937769df4d1dadf77ea7c76639854a55a7375250929c6314e32f66e3eea72768352de4efce9ae556b6b7fa8fe087c5d9be35f862e759ff00845fc4de17b0fb5343609aeda8b4bbd4210887ed220c9789199982aca15cec24aa8233d9d637c3cf881a5fc54f04e9be21d1269ee34ad5a113db4935acb6b23212465a29556443c1e1941ad9aeb8ecb5b9f57866dd28b72e7d37b257f3b2d2ddbc828a28aa360a28a280382f8c3f18e6f8617d650c56315dfdae36725e42bb7040ec2b85bafdadf53507cbd22c54ff00b523b7f854ff00b59ffc87347ffae127fe842bc727ef5fce7c6bc699d60f3aaf84c2e21c6116ac928e9eec5ff2b7bb39ab4e4b63d22fbf6b7f11ba91159e9117bf952311f9be3f4ac1d57f69df18de2909a8c36c0ffcf2b68ff9b026b8b9bbd549ebe3aaf18e795749e2e7f295bf248f2abe22a7f3334fc43f143c45e234297bad6a53c67ac6676087fe02303f4ae5a739ab735549ebc7ad8aad5e5cf5e6e4fbb6dfe6d9e16265293bc9dca92d549aadcb5526a2278b5ca9357b8fec67f021fc4dafa78b35387fe25ba749fe828e38b89c7f1ffba87ff1ec7f748ae53f67ef80379f19bc44249964b7d0acdc7daee00c193a1f290f7623a9fe10727b03f68e93a4db683a65bd959c11db5adac6228a241854503000afd6bc3be10962aac734c5c7f771778a7f6a4baff853fbdf9267adc3f92bad5162ab2f756cbbbefe8bf17e858acef14f8b74df04e8f25feab790d95a45d5e43d4fa01d58fb0e6b03e32fc67d2fe0d7877ed7787cfbc9f2b6b66ad87b86fe8a3bb76f7240af8ffe23fc55d63e2c6bc6fb55b8dc109105ba64436ca7b28fe64f271c9afd078bb8e30d93af614973d77f67a47ce4ff0024b57e4b53e9b33ce69e17f771d67dbb7aff0091eb5f13ff006cdbed61e5b4f0cc274fb6e54ddcca1a77f755e5507d727e95e3f7dabdd6b97cf757b733dddcc9cbcb3485ddbea4f35990f5ab70d7f3ce75c418fcd2a7b4c6d472ecb68af48ad17e2fccf989632b6225cd5657fcbee2dc3d6adc1c62aa43d6adc1c62bc091e8502dc3daadc1daaa43daadc1dab091ecd03daff647fbfe20fa5bff00ed5af67af18fd91feff883e96fff00b56bd9ebfaafc34ff92730ff00f6ff00fe9723d586c1451457dd94145145007817ed21a6eb9f05be3e787be31e89a0ea9e2ad2a0d1e5f0c78af4cd2e1fb46a0964d32dc5bde5bc23994c328903c6b9629392a094c564ebdff0531f07f8bf499b4ef855a77893e2578e2e90c763a3d9e877b6b1c131e15af279e28e3b6895b1bd9d81033804d7d274562e9caef95dafe5f91e454cbf10a73786abc919bbb5caa4d36926e2eead7b27aa924f55d51e77fb26fc149ff677fd9dbc2be0fbcbc4d4752d2ad59f50ba40425c5e4d23cf70e9900ec334b215c8ce315e894515a462a2945743d1c3d0851a51a34d5a31492f44ac14514551b051451400515e45f163e297c63f0df8e2eac7c1ff00097c3fe28d0e354306a97be355d31e625017060fb24a576b12b9dc738cf19c571be24fdac7e2dfc1ad1e6f10fc43f82f6367e0dd3d7ced5751f0df8ad757bad26dc7dfb87b57b685a48d07ccde5b165504ed38aca55a2b7bfdccf2eb66f42936aa29a4b77c93e556eb7b5ade7b5b5d8fa3e8a834bd52df5bd32daf6ce78ae6d2f2259e09a36dc92a300caca7b820820fbd4f5a9e9a69aba0a28a281851451401e1ff00b59ffc87347ffae127fe842bc727ef5ec7fb59ff00c87347ff00ae127fe842bc727ef5fc97e21ffc9458af55ff00a4c4e4ae559bbd549eadcddeaa4f5f2313c6ae549aaa4f574c6d34815159998e0003249f6aecfc19fb3478afc6ee8ff613a5da37267bdcc5c7b27de3edc63debd4cbb2cc5e36a7b2c25394df926fef7b2f9b47972a33a8f969abb3cd25af56f827fb276a5f10248751d6c4da5e8d90ea846db8bb1fec83f754ff0078fe00f51ed3f0bbf65ef0f7c3b68aeae231ac6a698227b841b233ea91f207d4e48ec457a557ecfc31e1772496233869f5504f4ffb79f5f45a7767a183e1f57e7c56be5fe6ff0045f794f40f0fd9785b47834fd3ada2b4b3b55d914518c2a8fea7b9279279ac6f8aff001434ff00847e0e9f57d40eedbfbbb7801c3dcca41da83f2c93d8026ba39a64b685e49195238d4b3331c0503a927d2be1afda37e33cbf193e20cb34323ff63e9e4c16119c80573cc847ab919fa051dabedb8c388e1926017b14bda4bdd82e8acb7b768ae9decbb9db9de691c061d727c4f48afd7d17e76460f8ebc7da97c4bf145c6adaa4c65b89cfcaa3ee4299e1107651fe24f249aa10ff005aa90d5b87fad7f31e22b54ad51d5ab272949ddb7bb6cfcee9ce53939cdddb2dc3d6adc3556da369640aa0b331c00064935dbf85be04f8bbc5015ad743bd48dba4970a205c7a82f8c8fa66a70d81c4e2a5c986a729bed14dfe49fe87b385a739bb4137e873b0f5ab70718af57d03f632d72e5035fea7a75967f8630d330fafdd1f9135d5699fb1a69d6ea3ed5addecc4753142b17f32d5f4d87f0ef882babac3f2afef4a31fc2edfe07d0e1f035fac6c784c3daadc1dabe86b3fd943c2f6a06e93559c8fefcea3ff0041515a16ff00b36f84a0033633c98eed7327f422bd2878499e497bce9aff00b7aff944f56961a71dce53f647fbfe20fa5bff00ed5af67ac4f077c3bd23c05f68fecab536c6eb6f9a4caefbb6e71f789c7de3d3d6b6ebf72e10c9eb65594d2c0e21a728f35edaad64df54bbf63ba2acac1451457d294145145006478f759d53c3be0dd4afb44d15bc45ab5ac0d25a698b751da9bd90748c4b27c899f56e057ce0bfb6a7c6bbbf8aefe0b83f67ab18b5f4d2575b315dfc41b58d3ecc663086df1db4833bd48da39ef5f4a78cfc5769e03f07eadae5f8b8363a359cd7d73f6781e797cb890bb6c8d01676c29c2a8249c000935f26cbf117e27f867f682d3be39788fe19eb36fe06d4b449bc33fd83a5dbbea1e26d26d8cf1dcc17f776f1920ee65915a08773c2aea58b1dc179abc9a6acdaf4eddf667cee775ea539d3f675671d57372c534a1769c9b7095acecbeff75d9b5e95f08ff696f88fabfed1961e03f883f0ef41f070d67c3f7bae585c69fe253ab3486d6e2d2278dc7d9e20b91740e413f77a57bd57ce1f07fc45aa7ed3bfb5cd9fc45b7f0c78a3c35e09f06f862f343d3e7f1069d269b77ad5e5edcdb4b2bc76f201208238ed106f755dcd21c02149afa3eae8b6d3bbbeba7f5a1d993d49ce94e529b9c799f2ca4acdc7ddd7e18e97e6b3b2baf930a28a2b63d60a28a2803c8fe31fedddf09be0078d64f0e78bbc636ba3eb714493b5a1b4b99a408e32adfbb8d8723debccfe2e7fc1423c17f19be196bde14f85b69e23f88fe2ff0011e9f3e99616165a05ec56b1c9346d1896e6e2689218a052d97667ce01c035f545158ca151dd5d5bd3fe09e4e270b8eabcd05563184aeb4837249e9bb9daf66f5e5b791cc7c12f00c9f0a3e0c7847c2d35c0bb9bc35a2d9e94f38ce266820488bf3cf2573f8d74f4515aa565647a74a9c69c1538ec924bd12497e0828a28a65851451401e6bf1dbe136a9f11b52d3e5d3dad156d62647f3a42a72483c601ae162fd947c43707f7977a4c23febabb1fd13fad7d09457c3669e1de4f9863278ec52939cf576934b64b64bcbb912a6a5b9e1563fb1e5c4ae0ddeb90c6bdc436c5c9fc4b0ae9347fd927c316255aee4d475061d43cc2343f82007f5af51a2b7c1f87f90619de386527fde6e5f9bb7e067f55a5d518de19f87ba1f8380feccd2ecacdc0c798918f308f773f31fc4d6cd1457d650c3d2a1054e8c5462ba2492fb9246d18a8ab2560a28a2b619e2ffb6c7c573e07f86eba35ac9b350f111684ed3cc76e31e61ff81642fb866f4af8f60aef3f6a8f8887e22fc6bd5258e4df67a63ff67db63a6d8c90c47ae5cb9cfa115f337ed2ff00b5fe81fb38e966ddf6ea9e249d375be9b1be0a03d1e56fe04fd5bb0c648fe69e2dc757ceb3a9d3c3272517c914bb27abf9bbb6fb58fc6f89739a73c54ebd595a10d17cbf56eff81ea7e2ef1ce8ff000ebc3f36abaeea569a569f0637cf712045cf603b963d80c93d853bfe09f5f1c3c21fb71fed11ad78434d8f564d2f41d21f5592fc8587ed656786208884160a7cd277360f18c739afca6f8c1f1c3c4bf1d3c48da9f88b5192e9c13e45bae56ded14ff000c69d1474e79271c926bee8ff836bffe4eebc6ff00f62849ff00a5b6b5f51c39c078585684b30fde3bfc3f67f46ff05e47ca70ff00134b1d9de1f074e36a52959df76ad27f2d979f99fb09e0df85fe1ff0040a9a4e956968ca31e684dd337d5ce58fe75bf4515fb461f0d4a84152a11518ae8924bee491fd1b08460b960ac828a28ad8a0a28a2800a28a2800a28a2800a28a2800a2b03e285bf89eebc09a827832eb43b2f13154fb0cdac5bcb71628dbd4b798913a39053701b5860907b62bc5c7887f6a9f0dfcf73e18f819e298d7aad86b5a96952bfd04b04ca3fefa359cea72bb59fc91c389c72a125174e725de31e65f83bfe07d0f45799fc09f899f127c71ab5fdb78efe185bf8122b5855edeeedfc4d06b10de396c1401238dd7039cb2815e995519292ba3a30f5e35a0aa4134bcd38bfb9a4c28a28aa360a28a280313e247c46d13e10f80b56f13f88f50834ad0f43b67bbbdba949db0c6a32781c927a05009248001240af0cb1fdab3e3478cec975cf0d7ecf7793785e65f36d86b5e2cb6d2b59bd84f475b331bac448e424b2a31cf3b6b47fe0a3b0adbfc04d2355be4697c35e1cf17e83ac788e2dbb95f4c835185e7675fe244f9646078db1313d2bde6d2ee2bfb58a78258e682641247246c192452321811c104771584b9a53714ed63c6acebe23173c3c2aba6a0a2fdd51bc9cafade49fbaad6b25abbddec8e33e00fc7dd17f68af033eb3a445a8584f6775269da9e97a8c1f67bfd1ef23c79b6d711e4ed91720f04821958120835dbd7cfbfb3a5f5bebdfb70fc7cbfd15d25d0a28f41d3af6688ee864d62182e3ed2a08e3cc481ec91fb82aa0f2a40fa0aae949ca377fd58e9cb3113ad439aa3bb4e51bad13e5938dd7adbd2f7b6960a28a2b43d00a28a2800a28a2800a28a2800a28a2800ae7be2d78c07803e1a6b9ac642c9616723c59e864c6107e2e547e35d0d784ffc143bc756fe09fd9f666b99d6dedae6e95ae5d8e024312bccec7d818d6bc9cf718f099757c44778c5dbd5ab2fc5a3cfcd715f56c1d5af7b72c5bf9db4fc59f9d1fb59fed3f6bfb3b7827cd8cc777e24d5372e9f6ce7383de693bec527eac703d48fce2f12f896ff00c63af5dea9aa5dcd7da85f48659e795b2f231eff00e00700000715d2fc7ff8c377f1cfe29ea5e20b9de90ccfe559c2c73f66b7527cb4fae3938eaccc7bd7195f9c70ee490cbf0e9c97ef25ac9fe9e8bf1777d8fe3fce7349632b593f716cbf5f57f9057e8aff00c1b5ff00f2775e37ff00b1424ffd2db5afceaafd15ff00836bff00e4eebc6fff0062849ffa5b6b5f5b97ff00bcc3d7fccf5b80bfe4a1c27f8fff006d91fb47451457d81fd7414514500145145001451450014514500145145001457957c73f899f14fe1d78a6da5f08fc33d3fe207869ad55ae7ecfe238b4ed5609f7bee0914f188644d9b31fbd5624b0c7033c647ff052ef03785e4587e21685f103e145c13b4378a7c3b3c366edd0edbb804b6e47b9900fe5594ab422ed276f5ff3d8f36b66f84a3374ebcb92dd649a8bf4935cafff000247d1145794fec51f1075ef8bbfb3968be2ff0010dd3dcdcf8b67bcd62c95a148becba7cf752c965100a0642da9846e6cb1e4926bd5aae12e68a92ea75e17111af4615e0aca49357ecf55f859fcc28a28aa370a28a28020d534cb6d6f4db8b2bdb782eeceee268678268c4914d1b02ac8ca7865209041e0835f3eaffc137f41d1e36d3fc3bf11fe32f843c2a4fcbe1bd1bc52d169b021eb1c45e379e18ce4fc914aa067802be89ac0f117c56f0bf8435f8349d5bc49a0697aa5d45e7436777a84305c4d1e4aef58d98315c823206320d67521096b3febf23831b83c256b4b1515a689b76dfa5d4a2f5ed7b3ec43f08be0f786be03f806cbc31e12d26db46d134f0de55bc5962ccc77348eec4b3bb31259d896627249ae96a38af219ed44e92c6f095de24560548f5cf4c563780fe28786fe29da5f5c78675ed1fc416fa65db585dcba75dc7731dbdc2aab344cc8480e03a923a8c8aa56568a3a69fb2a4a346164ada2565a2ecbb25d9686ed1451546c1451450014514500145145001451450015f9bdff0007187c5f6f07fc15f0af872d6731dd788269d25456c1f23f7658ff00e39b7e8e6bf486bf1c3fe0e5ad67cefda17e1ce9f9e2dbc3b2dc633ff3d2e5d7ff0069d78f9ed3f6985e47b7346ff277fcd23e13c4ac4ca8f0f5771fb5cb1fbe5ff00fcd6a28a2be6cfe520afd15ff00836bff00e4eebc6fff0062849ffa5b6b5f9d55fa2bff0006d7ff00c9dd78dffec5093ff4b6d6bb32ff00f7987aff0099f5dc05ff00250e13fc7ffb6c8fda3a28a2bec0feba0a28a2800a28a2800a28a2800a28a2800a28ac0f1b7c55f0cfc35bbd2a0f11788346d0a5d72e0da69eb7f791dbfdb660a5bcb8f791b9b03a0e693696ac89d48c23cd3692f3d3f3b1bf5c37ed37e0ff00107c43fd9e3c6be1ff000a4b67078875ed1ae74db19aea431c5049346d1f984804fca18b0e3a815da5e5f41a75abcf7134504118cb492385451ea49e05637853e29f863c77aa5e58e87e23d0759bdd3955aeadec7508ae25b60c4852ea8c4a8241c640ce0fa52959ae57d4cb10a9d483a1395b9d35ba4f54d3b75bd9bd932cf817c1f67f0f7c13a3681a72797a7e8763069f6a9fdd8a28d6341ff7ca8ad5a28aa4ada2368c5462a31564b40a28a282828a28a002b9cf881f077c23f166de387c55e16f0e789a2881544d574d86f5501ea00915b00d7474cb8845cc0f1b1755914a928c5586463823907dc52693566454a709c5c66935d9a4d7e29afc0f872c7f627f855fb48fed4b7fa67853c13a4681f0cbe1d4b25a78965d237d95bf8ab57651ff0012e090b2a1b7b6560d3607cd2b247d15ebed0f03f80743f867e1ab7d1bc39a3e97a0e916836c365a7daa5b4110f644000fcab3be0dfc21d0be037c33d23c25e1bb56b5d234687ca883bef965624b3cb239e5e4772cecc7966627bd74f5951a2a1ad95dff00563caca729a5848babc915527acb952497f75592f756dd2eef26aef428a28ad8f6028a28a0028a28a0028a28a0028a28a002bcb7e39fec53f0aff697f125a6b1e3bf05691e26d4ec6d859c17177bf7c5087670836b018dcec7f1af52a2a6508c95a4ae6188c2d1c443d9d782947b349afb9a68f9e3fe1d39fb39ff00d126f0c7e52fff001747fc3a73f673ff00a24de18fca5ffe2ebe87a2b3fabd2fe55f723cff00f57f2bff00a06a7ff8047ff913e78ff874e7ece7ff00449bc31f94bffc5d76df033f629f857fb347892ef58f01f82748f0cea77d6c6ce7b8b4dfbe584b2b943b98f1b914fe15ea34538d0a69dd457dc8d68e4d97d19aa94a842325b3508a6bd1a570a28a2b53d20a28a2800a28a2800a28a2800a28a2800ac2f88df0bfc39f17fc2d3e89e2ad0b49f1169173feb2cf51b54b8858faed604061d88e47635bb4526935664ce119c5c26ae9ee9ea9fc99f0f7863f618f84bf03bf6a23e12f1a781f49f11f85fc71235d781f51d6da5bf8f4eb88e3ccda2b0999906114cb6e4ae593cd4258c633f607c3df847e14f847612daf853c31e1ef0c5b4fb7cc8749d3a1b28e4db9dbb96355071938cf4c9a87e2f7c20d0fe387831f42d7e0965b5fb4437904b04a61b8b3b886459229e1917e68e44750430f71d0907a7aca9518c1bb2479196e51470739aa54e2a37bc5a4b995f78b76bd93f85df67cbf650514515b1ec85145140051451400514514005145140051451400515f98ff00b476af7717fc1c3ff0bed56eae16d9f4db72d089088dbfd1af3aae715fa715851aded1c95be1763c5ca33858ea988a6a1cbec6a386f7bd9277db4df6d428a2bf323f6e1d5eeedffe0be3f02eda3bab88ede4d334e2f12c84237fa4dff519c1a2bd6f6514ed7bb4bef0cf738596d185670e6e69c21bdadcf2b5f67b76ea7e9bd1457e27fece7fb135bfedff00ff000509fda0741d67c63e25f0edb78735fd4ef206d3e40c5cb6a52c7b487e0003d2a7115e54dc6318ddcbcec72e7f9ed6cbea61e861e8fb59d6938a5cca3b479b7699fb61457e73ff00c43a9e15ff00a2b9f113f286beadfd84ff0062bd3ff616f853a9f8534df11eb5e278353d5a4d59ae753dbe6c6cf0c3179636f1b40841fab1a74ea5672b4e165eb734cbb30cd6b5750c5e1152859fbded232d7a2b28a7afe07b5d15f919ff000529f83edfb4a7fc16a3c23f0eee75dd5f43d37c4ba35a432cf632624876c57326554fcb92500e7d6bd6ff00e21d4f0aff00d15cf889f94358ac55594a51a70bd9db7b7e87930e26ccb1188af470383538d29b836eac6376927b38be8cfd18a2be56fd843fe0963a2fec27f12b56f12e9be37f14f89e6d5b4c3a635bea7e5f951299639378dbceecc607d09aa9ff0005c4bd9b4fff008268f8fa5b79a582559f4cc3c6c5587fc4c6d87515b3ab28d275271b357d2ffa9ecd4cd713432cab8fc651e49c2329722929691575ef256d7d343eb4a2be7cff008253dd4b7bff0004eff8512cd23cb2be8a0b3bb16663e6c9d49afa0eb5a73e68a9773d2c062beb385a789b5b9e3195bb5d276fc428af983fe0b37793587fc1347e27cd04b2432a4161b5e362acbff131b51c1153ff00c11d6ee5beff00826c7c2e9679649a57b4bbdceec599bfd3ae7a9359fb6fdf7b2b74bfe36383fb617f6b7f65727fcbbf69cd7fef72dad6f9dee7d31457e5effc1c9bafea9e1fb7f8252e917b7f65782f356689ed2678e4f300b12841520ee07a7bd7d01ff0493ff829047fb67fc3397c33e2a916cbe29f83e210ead6f22f94fa944a420bb54e30dbb0b2a81f2b907003a819c7191f6ee83d1f4f33cea3c5b8696755324aab96714b95b7a4af1e66bc9a5b2d6e93b6d63ec2a2bc27fe0a737325a7fc13f7e2dcb148f1489e1db82ae8c5594e07208af32ff82125f4fa8ffc1387c2d2dc4d2cf29d475205e472cc7fd2e4ee6b475ad5952b74b9e8cf3851cda195f27c54dcf9afda4a36b5bcef7b9f61d15f999ff072aead75a57c2cf8586d6e6e2d8beab7c18c52142dfb98bae2b621ff0083763c2b2c28dff0b73e218dca0f486b19626a7b4953a70bdadd6db9e462388f1ef31ad97e0709ed7d928b6dd450f8d5d68e2fb33f46e8af867f67aff821c7873f67bf8d9e1af1b5afc4bf1bead71e1abd5bd8eceec45e45c15cfcaf8e71cd7dcd5d14a5392f7e36f9dcf7b2bc4e36bd394b1b43d9493d129a9dd5b7ba4adae960a28a2b53d30a28a2800a28a2800a28a2800a28a2800a28a2800a28a2800a28a2803f2fff00692ff958b7e16ffd832dff00f496f2bf502bf2a7f6ccf1e68bf0c7fe0e01f875af788b55b0d1345d3b4ab692eafaf665860b7536f76a0b3b600192073dc8afbbbfe1e37f013fe8b17c39ff00c1edbfff00155e7616a4633a8a4d2f79fe48fcff0085f1f85a18acc635eac62fdbcb4728afb31eed1ed15f981fb73ffca7f7e047fd8334dffd29bfafd07f845fb4bfc3df8fd737d0f823c69e1af15cba62a3dda695a84774d6cae4852e109c0255b19f435f9f1fb73ffca7f7e047fd8334dffd29bfaac7493a7169fda8fe66dc6b5e9d5cbf0f529494a2ebd1d534d7f13ba6d7e27e9fd7e247eccbfb6e1fd887fe0a23fb436ae3c13aff008dff00b6fc41aa59fd9f4a387b6dba9cafbdbe56e0f4afdb7afcc0ff00823aff00ca50ff006a3ffb09ea3ffa7696963549d4a4a2eceeff00232e33a55aae3f2da787a9ece6ea4ed2b295bf76fa3d19d5ff00c3ff009bfe880fc48ffbefff00b557dc3fb3c7c5ff00f85fbf04fc37e323a3dee81ff090d9addff675e7fafb4c92363f039e3d075aece8ae9a54ea45de73bfc923e932bc066342a3963315ed535a2f671859df7ba6efdac7e42ffc14a7c6be2df875ff0005baf076b5e04f0f47e2bf16d868b68fa6e92f9db7ae62ba52a7041e10b1ea3eed7b57fc37cfedadff0046c9a77e737ff1eaf39fdb33c79a2fc31ff83807e1d6bde22d56c344d174ed2ada4babebd996182dd4dbdda82ced8006481cf722beeeff00878dfc04ff00a2c5f0e7ff0007b6ff00fc5579d4a37a953f79cbef3ede5dcfcff2aa0a78ecc1bc7cb0ff00bf97baa54d5fdd8ebefabf969a6843fb0b7c65f8adf1abe1deafa87c5bf0041f0f75bb5d44dbd9d9445b1736fe52379bf33b1fbecebd7f86bcd3fe0b9fff0028c9f1ff00fd77d2ff00f4e36d5ee7f0bbf6bcf85bf1b7c4e745f07fc41f08f89b5710b5c7d8f4dd522b99bcb52033ed5627032327dc57867fc173ff00e5193e3fff00aefa5ffe9c6dabb2b5bead24a57d1ebff0c7d6e6ee3feaee2631adedad4a6b9ef16dbb3df974bebd0ecffe093dff0028e8f84dff006051ff00a364afa1abe24ff8269fedc9f073e1bfec25f0cf43d7fe27f81f46d674dd2445776579ac410cf6efe639dae8cd90704707d6bde74dff0082857c0bd635182d2d7e2e7c3eb8baba91618628f5cb76795d880aa006e4924002ab0f5a9fb28ae65b2eabb7a9d190e6b818e5b8683ad04f920adcf1bdf963a5b98f3eff0082d2ff00ca327e28ff00d70b0ffd395ad4ff00f046aff94687c2cffaf3bbff00d2fb9a83fe0b4bff0028c9f8a3ff005c2c3ff4e56b53ff00c11abfe51a1f0b3febceefff004bee6b3ff98cff00b77f53817fc95dff0072dffb94f96ffe0e40ff009097c04ffb09ea7fcec2b4bfe0ac3fb17f893f672f8af6bfb52fc1457d3b5dd0a7fb6789ec6d932920e8f79e58fbd1ba92b70bdd5b7ffcf46acdff0083903fe425f013fec27a9ff3b0afd3cbbb48afed658278a39e09d0c7247228649148c1520f0411c60d63ec155ad562f7f76cfb3b1e2bc9296699b66987a8f9649d17192de12507692f47bf75747c4df16bf6cff0dfedcdff00047ff89be30d0992daf57c39716dac698d26e974abb0a0b467d50fde46c7cca4742081abff000418ff00946d7857fec23a97fe95c95f0e7fc14d7f647f15ff00c1337c65e2cd6fe1c34abf07fe2fd8cda36a16382f069b2480b0b671db69cbc0fd400e872036ff00b8ff00e0831ff28daf0aff00d84752ff00d2b92a30f5272c528d45ef28b4fcf5dfe673e459862f11c4d0a1984396b52a338cbb4bdf8b538f9496be4eebd3c33fe0e65ff9255f0abfec2d7dff00a262aea20fdbe3f6d458502feccba7950a00399b91ff007fab97ff0083997fe4957c2aff00b0b5f7fe898abecfb6ff00828cfc055b68c1f8c3f0e810a011fdbb6fe9fef5371be26a7bfcbb76ede65ce8a9f11e3ef8c787d28ece0b9bdd7fcfdbcbbea703fb0dfed39fb42fc69f8b1a8e97f16be0f5afc3ef0edbe9325d5b6a31193335d89a15587e6918731bcadd3fe59f5afaaabc8fc3dfb7d7c12f16ebf63a5697f15bc03a86a7a9dc4769696b06b50492dccd230448d1436599988000ea4d7ae57a146dcb6e6e6f3d3f43efb26e48d0f671c4fb769bbc9b837aec9f269a74ea1451456c7ac145145001451450014514500145145001451450014514500145145007857ed0bff04d3f827fb557c423e2af1ef82bfb7b5e36d1d99bafed7bfb5fdd2676aec86744e371e76e79eb5c37fc3907f65eff00a263ff00971eadff00c955f575158cb0d4a4eee2afe878f5b8772aad51d5ab86a7293d5b708b6df76ec7917ecc9fb08fc29fd8e6ff0057baf871e15ff84727d7a38a2be6fed3bcbcf3d632c506279640b82edf7719cf39abbe3afd8cbe1afc4af8ff00a0fc52d6fc37f6df1df86628e1d3753fed0ba8fecc91b48e83ca49444d8695cfcc873bb9e831ea14552a5051e54958ea8e57838d18e1e34a2a117751e5564d3ba695ac9a7adfbea15e5ff077f632f86bf007e28f8a7c69e11f0dff0064f897c692c936b379fda1753fdb1e498cce764b2b2266462df22ae3381c715ea145538a6d36b637ab86a35270a95209ca0ef16d26d36ad75d9db4d3a051451546e7857ed0bff04d3f827fb557c423e2af1ef82bfb7b5e36d1d99bafed7bfb5fdd2676aec86744e371e76e79eb5c37fc3907f65eff00a263ff00971eadff00c955f575158cb0d4a4eee2afe878f5b8772aad51d5ab86a7293d5b708b6df76ec785fecf1ff04d6f829fb29fc413e29f00f82ffb075e36b2597dabfb5efeebf74e54b2ec9a774e4aaf3b73c75af46f8e9f023c29fb4a7c32d43c1be36d2bfb6bc37aa344d7567f699adbcd3148b2a7cf0ba38c3a29e186718391915d751551a5051e4495bb1d5472cc1d1a0f0b4a94634ddef1514a2efbdd6daf5ee7ca3ff0e41fd97bfe898ffe5c7ab7ff002555bd0bfe08b9fb34786b5cb3d4acbe1af917ba7ce9736f27fc243aab7972230656c1b920e080704115f51d151f55a3fc8bee470ae18c9d3bac253ffc023fe472df1a7e0b7867f687f863aa7837c63a6ff6c786f5a58d6f6cfed12dbf9c1244957e78995d70e8a7e561d31d3229df06be0df86ff67df867a5783fc21a6ff64787344478ecad3ed12dc792af2348c37cacced97763f331ebe95d3d15af2ae6e6b6a7abf56a3edbeb1c8b9ed6e6b2bdaf7b5f7b5f5b773cbff690fd8cbe1afed732e80ff10fc37ff090378625966d30ff00685d5a7d99e4f2f79fdc4a9bb3e547f7b38dbc63273ea1451428a4db4b5614f0d4615255a104a52b733495ddb4577d6cb6bec73df15be147877e38fc3cd57c29e2cd2adb5bf0f6b70982f2ce7dc1655c8230ca432b020156521948041040359df017f67ff08fecc7f0dad3c21e07d23fb13c3b6324b34169f6a9ae76348e5dcef99ddce5893cb71dabb2a28e48f3735b50785a2eb2c4382e74adcd657b6f6bef6bf43cc3f699fd8d7e1b7ed89a569563f11fc37ff091dae892c93d927f685d59f92ee02b1cc12465b2147dec8e2bc83fe1c83fb2f7fd131ffcb8f56ffe4aafaba8a89e1e949f34a29bf4387159165b89a8eb6230f09c9f59462de9e6d1f32f81ff00e08e9fb38fc38f1a68fe22d17e1d7d8b58d06f61d46c2e3fb7f5493c89e191648df6bdc956c3a8386041c7208afa6a8a2aa14a10d2092f43a30596e1307171c2528d34f57ca92bfad828a28ab3b428a28a0028a28a0028a28a0028a28a0028a28a0028a28a0028a28a0028a28a0028a28a002be77fdad7e386abf06ff69ef82cb6b6de2cd5b4ad563d785fe91a0c0d732df98edadcc4cd08601c46cccd93f7724d7d115c8f8bbe0c697e34f8b3e0ff00195d4f7f1ea7e094be8ec6289d04128bb8d2393cd054b1c08c6ddacb824e7359d58c9c6d1f2fcce0cca856ad479284ad2e68bbf92926fd74be9d763c67e107ed0faafc5bfdbe2fb4bfecdf1c786b42b5f0025d0d275eb46b2592e7fb44afda122dc413b084dfd7823b55cf190d77f693fdacfc4fe023e2cf11783fc23e00d174dbeb98340bc3617faedd5f35c9566b951e625bc496f8db1152cee77310a16bd697e0c696bf1e5be21fda2fff00b69f401e1d306f4fb2fd9c5c1b8dfb76eef3379233bb18fe1cf3583f18ff0065dd2fe2bf8d2c3c5565aef89fc15e30d3ad0e9f1eb9e1eb98a1b99ad4b6ff00b3cc93472c33441f2c1648db6b1254a927393a73e5b3d75f4ba3cc960317ec1c2a3e7fde39357e5e6874574ecbbdae93b59bd4e3be07ea7aff00c20fdaaf5af8557de27d63c63e1eb8f0cc5e29d22eb59985c6a5a57fa535b4b6b2ce0069a363b5e36932e36c8a4b0008f3efda0efb5df0c7c79f18ea5f11afbe35e91e028d6d9fc33ac781ae263a5e936cb6c9f687bd86d374c6513f9ac5e68a48bcbd98c00457be7c10fd9b746f821a8eb3aac7a96bde26f137888c7fda9af6bb74b737f789102228b28a91c7126e6db1c48880b31c649358ff00133f656baf887e20d5eeadfe287c50f0e69dafaedd4349d3750b57b4917cb11b088dc5bcb2db8651c8824419248009cd29539f25bcfbfe1e6655f2ec54b06a9a4eea4da8f3269277e58c9b6b992f2926afeeb7ca883f69cf1e3e9dfb0378ff00c4de17f105cdcbc1e02d4353d275bb69c09a5234f92486e92440a371f95c32803272315f3bfc34f8c3a3c5e33f8509f09be30f8afe24f88b5ad52cedfc51a1cdaf3f886ca2d39e226f2e262e1cda342406460e996c261b762beb2f117ecfbe1dd77f672bef8590c773a57852f3c3b2785d12ce4026b4b36b636c046ce186f58cf0583720120d755e1bd060f0b787ac74db62ed069f6f1db46cf82eca8a141380067039e0539d294a49deda7e37e9ff0004db1595e27118885472514a114dae66d494949f2fbc96a95af252ba76b1e49fb4b78c756f0e7c7df80b6161a8ded9d96bbe2abdb5d460865648ef625d1efe554900e1944888c01eea0f6ae63fe0a67e10bcd3ff00662f1c78ef48f16f8e3c37ae784fc3d717162ba36bd71636cd2202caf2451b0576c9c64f60057b0fc42f831a5fc4af1bf8275fbe9efe2bcf01ea536aba7a40e8b14d2cb6935ab2ca0a9257cb9dc80a54ee0a7246417fc74f83da67ed03f07bc47e09d667beb6d2bc5161269f752d93a25c471b8c128ceaca1bd32a47b554e9b929aefb7ddfe66b8ccbeb56a38aa7fcebdcd5ab3f6765b356f7b5fc487e0c7c2483e1268335bc1af78b75efb73aced2ebdaccfa9cb11da06d469492abdf038cd7ca5abfed973db7ed333fc461e3db04f871a6789d3e1ecbe1a3a944165b624c32eb5e56edc59352648f701ff1ef13b7439afb435dd11b59f0cde69b15edee9cd776af6c97768cab716a590a89232caca1d73904a91903208e2bcc6cff00617f85b67f0497c047c21a2cda40d1ff00b15ae65b285afe48cc5e5195a7d9b8cc412c64ebb8eea5569cda4a9e96fcfa19e6580c54e34e9609a8287bdab96b25f0ad1b76ddbbb69ded6d0a5ff0512f196adf0fbf62af885ace87a8de691ab69fa7092daf2d2568a681bce8c6558720e091c7ad7b4d79e7c47fd9c34cf8adfb35dcfc31d6b59f10dce997ba5c3a55c6a9e743fda732c6131333988c6656280b1f2f0493f28a6fc2af813ac7c36f12bea17ff14be22f8ca0781a1161ae1d33eccac4a9120fb35942fbc608197db863907822fdee7bdb4691d915898e33da725e128c57c4bdd69c9bd3aee95d6f63d168a28ad4f5028a28a0028a28a0028a28a0028a28a0028a28a0028a28a0028a28a0028a28a0028a28a0028a28a0028a28a0028a28a0028a28a0028a28a0028a28a0028a28a0028a28a0028a28a0028a28a0028a28a0028a28a0028a28a0028a28a0028a28a0028a28a0028a28a0028a28a0028a28a0028a28a0028a28a0028a28a0028a28a0028a28a0028a28a0028a28a0028a28a0028a28a0028a28a0028a28a0028a28a0028a28a0028a28a0028a28a0028a28a0028a28a0028a28a00fffd9656e6473747265616d0a656e646f626a0a34312030206f626a0a31383434310a656e646f626a0a362030206f626a0a3c3c0a2f54797065202f506167650a2f506172656e742033203020520a2f436f6e74656e7473203434203020520a2f5265736f7572636573203436203020520a2f416e6e6f7473203437203020520a2f4d65646961426f78205b30203020353935203834325d0a3e3e0a656e646f626a0a34362030206f626a0a3c3c0a2f436f6c6f725370616365203c3c0a2f504353702035203020520a2f435370202f4465766963655247420a2f43537067202f446576696365477261790a3e3e0a2f457874475374617465203c3c0a2f4753612034203020520a2f475374617465372037203020520a3e3e0a2f5061747465726e203c3c0a3e3e0a2f466f6e74203c3c0a2f463432203432203020520a2f463433203433203020520a3e3e0a2f584f626a656374203c3c0a2f496d3130203130203020520a2f496d3134203134203020520a2f496d3138203138203020520a2f496d3232203232203020520a2f496d3236203236203020520a2f496d3330203330203020520a2f496d3334203334203020520a2f496d3338203338203020520a2f496d3430203430203020520a3e3e0a3e3e0a656e646f626a0a34372030206f626a0a5b205d0a656e646f626a0a34342030206f626a0a3c3c0a2f4c656e677468203435203020520a2f46696c746572202f466c6174654465636f64650a3e3e0a73747265616d0a789ced5a6d6fdb3610feae5fc1cf03e2f04d7c018601b1930c1bb001410cf4c3b00f41da6e28926e590becef8fd48b4ddf638a92e2a4ea5015b59c137977bc7b78773cf9fcc7db3bf6c72776beb9fd9bdd77f7cd6d25180fffce04938e39a1d9fd63f5c49eaa9bea267cc6fb53c5578677573398fe1da6f45c5bc2a7fb8fd5792baf6a29b79b5f83a47f99643f87ffbf04ca07f6dbefe1f6b69314073d56b5722bebe315fe7c48ffb4ce0402dfdde3e33fab37dfb18fcb5750ae946f2f76a65675ff3d7233dda383070fe903a36520242c807038f59b51f246499ef343497c2aff762582772bf54cf7df9a3584cd94101e1a8251aa734120243373f40306afe6d6a7e3d33fdf7d7e67238b511a84d58a104e82d1040fdfff7957bd8f887971f54baaf78c9c562ba594acdbe817829f5999e6e21139aab9bcc96ab363d9454f193f65d49e9dfff4283863977fb5b61c2150705dcf95a44152272098bd5986653b418a89bdd0a23cc9fbc410d5edc4b9b23867fc2a6256b9678b9332272e5dd4247ff5620ecd284d5650b29c130852888c2382c6012223218b8803203c47420f82fc3ecd4691bbd111c4f99a8508626204d1490469ab9221d1cfae2686d7f58af177e5557765bf4fb66b0ccbad597b9b8e9d26785dcf9b19e61e78711c00ac87897bcb38d35dd9ef932da37d2881c30a399fb8421d53b89837d18a99120390e74d744e1d4e9c0aea89b62f427e1fa8f84a3b6e8d97aad7423bc99d369e33653553fe398a2821db70a6b80db7f8d90634cd69405ba964b31dff7eb0c411e3a301f8ce00e9e2670a5d6fabf3eb506049cdb6efd9ee14176fdbc74a8542e34c06546edfb2ef8317c50f6cfba1122a3e6d29b2a1983d41b543ea3d45b79464cc0836753bc40eb1310d25196261920349bea5c83de5a2a5e83d65dd5092256ca8a44be07bd550aeb601005fd091b1383be6c8b063cfa455c401823ac0533f821b357591a7fe107c8089a54c1c2520134f995cc0903585cf067c3a638128c72cc2c972c0c92aacb953f69a3a5970620321a80d5a5b3bea9f648aa4232ea961db9da0a8d50039a9668a70159a6e3041e1565e8d00c194202c956b295330c0d811a760ba68a46995f52780e2883fc17d456f75612b81da9afa13000d1e87f88f8a5c5088af97ef0c2b7bedd7b0b936c59d53de2880d8cbc5db447331c1e934ae89ab1788377d75c407b8c24e2947d88ec9a29da176ca425ec28c41d18669887a074c2d3971a814b488bb38c1be80dd26e5f27d517b52548b49f0a35117f1f812a15c2a7a00c0c0760ae525ad03311f001af5f27dee5cb62e94f5e4aa6fce56a1ae90861268158423a862d297a67c8d99ab0e47d86e3917102ccbb111770104c7354d88c8168e021bead0d955c30001775f79ca66f90ed5a657163a07b89520b7416ccc54a8c988e2865d0c26245deed70b81a1ee4b6deb6c4ec246033427a07d71450d0dad956bf027c8415450c15d1a36793982aad61de621202584fa386c209dc00979c91e36c24f303d36baba9d918e8196d4ffb369155fed761b794ed30a4a3a483bb4bd84816c46342c1f1951331a2f47e8be8cf3c410f02ddf75822ecb10c6d66cbd88150e01d4eabeab8aa98756a09002a168c57c56ac951752b40ea2c0d92c0afa060ca74e87bd92241ac82b98be96df9873b23f77a93690edfb0f987cfd229633e46467773db50d9c4c203901a1fcca684c12c4491876a04ab91a510d5d97aaa1ecaba72fedb321087ad1f78695282735385a40ca8229d3fba08aa64ea5a866d094c0374fc075c4f296df29f55abcaebbf08836a7277d82a620a002742f83020e8f23babc7000fdd6697c0e7eedc07e04234103a1d8a7009ba84c824880852f28c139702228d6ee27e97f01c2a1e52969742dbe5ec62919298b8691f7a784d1297e0ba032538646cc4640e39bfe87aa2ffc6b517653fd07122f0ed2656e6473747265616d0a656e646f626a0a34352030206f626a0a313430330a656e646f626a0a34382030206f626a0a3c3c202f54797065202f466f6e7444657363726970746f720a2f466f6e744e616d65202f5157424141412b417269616c426f6c640a2f466c6167732034200a2f466f6e7442426f78205b2d3536322e303131373138202d3333362e39313430363220313739302e3033393036203934342e383234323138205d0a2f4974616c6963416e676c652030200a2f417363656e74203635312e333637313837200a2f44657363656e74202d3138382e343736353632200a2f4361704865696768742030200a2f5374656d562039332e37353030303030200a2f466f6e7446696c6532203439203020520a3e3e20656e646f626a0a34392030206f626a0a3c3c0a2f4c656e67746831203136343834200a2f4c656e677468203532203020520a2f46696c746572202f466c6174654465636f64650a3e3e0a73747265616d0a789ced590b741bd599be571ad926d8c6f23371e2f8fa293fe4f733ef48b2642b96255b92ed98843863696c2b9135428f18438110424908b084102821400bb4bb14584aa1a1d0525296b2a5bb9c76092da594530ebb6d80524ee99eb2b489e5fdef9d193d1c27a7cb39dddd9e934ca4f9ef7ffffb3fbeffbfff1d7910460865a0bd488d90c3d5d45a10ddf10de0dc0a9f9d53feb9c92d2b1ffa0ce88f10ca3c302df05ee131eb1710ca8a00af731a1899debc52183f0ee3cae999c855079ece5c0fe39fc078af5ff4f02d773482aeec41181b67f8ab82a8126d86f15d3026017e4658d9fdd3288c9f41a8e549a456bfa1fa2ed2a00ccd314d1b4278a57457ff1b9a54e566685497a6732afa8f7b17352e9c44576d032d97c007b9074c04c1b57056732a3684dbd237e26f6e467861610121ae5af33cb5860a908a06ab810ba24d47a84c5ba6ad822f8c387496a84f9eddac416710e14e22a4424761e567b032179521d4a62d234585458505f9e969f4aaa8d06ab56dad5d9d5d9d1dd53ab82a8ee2b77196ebda91e196d62d0303bb7ff8fd879e5cb7b6a20c3736f5757c59f37c61f98cf8e4816ddbdb3b730ae6dfe45e8aed2c2a6c6d31383adab297516b7d0bef738ddc46d4803642dc3ad0db55c80caaf3e156466d50b3e5baea8e6a6a15ae8e76300b4ccc3c2a02b92ee650171616ea7dbe1f7fe78a6dba2a75766675ecc34b7332547d4ed7f647768c637dbddd76e4e5819ada407f5d3d1eef8c462bbb8169b6995bb5cbb0eabdc6635bac18d7379acccfc6be7dabb1a77f65f78a8cdef28ab1ad072fefb55457965491554315e5785569ec54ee8ae222ddfa75f57adc5ad55d29208c4a17de571dd6dc8f4a208a820a2d75be10702a62aed3ab435bd1d1d651a5555d7d328d2bc82dd16d593ef18581f51b57ae5e76c90d37e062aefadd98fbc6fca2acec95bfa82b5e515b636e398a7ffceea9476207294e4740efe3901596bf3cc81f86cf11bc22761aafe04e602e76f6cc16aefacc2fa8ac61e134570d98ae40e5b04a43f1e3c0811c80a8b5a8505d5628219647d3570e08aafe8c977785a34fc63edcefbbe5e01bbf3b784033bf596dd83c616c68d0a9d76f18debe7e830a3b9bee730ce11387dfc11977df858f3f10fbdeb5e65e5c5989fd73864da69e10984287a176c6c032a05056a66dd7c916c006785b56d0d9d65a2465971b8b9dcecdada95db365cdbafc220c51686e79e38a015b6db5f632d5eac7db5a4a56d5d41a8cdf8c9572d5c79f29ab68eb3018afa116604fe167180eb436b5b7e21acdf37fb6d099e510fa6f34a7206a94d7d6d1ce2aa2b5289d395050d0064929d3562c3f5eb26ac0169d8d54f76cd8b862e5ebafc74e1fe7aa076f3219eb6a70e5cb39ab4a86fadf39fbacda4a7174426d1e8368f25005e8641a6900057241eaaaabf259923bbbe4389de69ebdd71dfffd7dc7f0b1fb7f7be7fe2ff69831e9ef0fccd8a0b0acb699407fbfaafcd0fe7d16f3f1073efec3fd0f1a8d7bafff8707dc6eb7eb2bc7e17b984671336cd12e669322089081cd421a052b762dfe3285cad4d96ede3936dabb617d4d5de172aefa9e5d5097ed7f6cc4a565c323b13f503dd72194f625d0d30c9e2bc04bbae80550c45353a0553295260fafc3ea432727fbfb9b2d4343dba34383b5ab688256e986d6b5771416c54e5f765929e934b4771400cd551f7eb4ae6e78b8ae0e37b66c33df333fa61abfbf697d65a5b9f7684ca5b21c6bd41715e2f20aa3f1def9b3e0971e2ae439c89fd4853aca0aa0927f151be06e8bd9b9973efbeccc469049d43acb3154b992637ee1b46607e4b84ca96ba2abd6425db326a59143d2aaa4fae636e152e3bdf7fd36f6f677befbc20bb81d673eea6d8dbd5dec74ed79c43b8905cf57a2236ed5ca6d9f84a33f7c056fc3817ff9d183e34f5a424663341afb73ecc33db3b8bf9f5a6d86fd940358b600965574f314caddaf52ea4a0c54c57a419a5ce2d4bd345d75332ed6767779fcdd5538afc01a7becf2eb70c0ff9bb776fb6a63ff95dbd8bc556c26b8a4eabd5f5dbe15cf5df3f12faedd8b9bea5db57a8c6b57359516e6e5f66f1c3e76707c07b6f41e6ad9505e565a54bebaa0a4b5dd6abbe94e9f0f8f8d429dbe0a4ebec755a7f68657a5dea0cea2f7b3ff49bf692c70aa70999a93a80a06da32a9a14ac1d0ec57499b86392f5f5ce6595dcea0e3772fe8d7e296f6ad636d1de9b1f757ecdfffcacfaffd022eafb2b5ddf4c5f2ca42ac899d39f2c5fd6f3fb5696464475b0bc6ed1dd7ac7a5ff0e268f41fbd5bb7f1c6b9ab6b6aabc0fec0c26fb89560bf5dc1926e1f5a7ee5e97158e39e48db2d3f5d3e807400e700cec95ab3666874fd5abc668db3b3bf34b47e3daed75bfbdada97c5e68bbb3b27765efde36ba74e5d3bd07fdb6dafff70df8df8a6b2e9ae6e6c345cb96be3065cf06b7547fba8b5a11ee396d69dfa9b06ed4d0dfbfd075e0aaddc31beffa59b0f621c098197dbc0cb0ecdd768ff645ed24d2e1f3bba3ca8db7409a57c29c5dbf0f2cc756beda31b37acdfb8f3eaf1ffb843757afe63fd8e89e76fdce7bb63fe5fafdf8be74ac6bbbafb2c876fee31e15d65aa33b13ffda9111f38f8f313b7bd04d580949ac72b926a5eca980a8d40f565036297211dc88033793952ffa1855f24b5851cf9b801c8f254742fab5a7f7ad5edf88ed99fbeb9efc63bf6fcacada6b6a0040e155d5b6badae6815c62b8a75b59a93f89e6762e3b1f16fddfdd587f1dfe3074edcfd0174107720b6108bed9c282565a5c37eacc278626759297d72b02cb471cbd39ac18f16b416a12ada4358a3ed682ba0359f5eadd32acf0a05152c9514bc3cda55e881a8cdeb94938d3ff8c1e5dba7279f38fcc0f88ee2f922fef7a3a333817f3afc84dfbf1a6b72f4f55debcb2b48a9f1707f5323d6d58ebd851fee0a071f7ef84a51ebf1e46fbdfceeb23d75b139c3d4f44327aeb976e5774e14f8fd3f5835b8761d87f39b9bd7763434adc4979ff979d69aae7e636b733160e8020c79f64c534efb6a87bc37b52a56eef020a43472a912d3383e76c6b075ecf267a17ef65effd25337e215f3b94da66b78c89fd13825187b8e6faf6fc0478fe00c9c7ddb217c972ae76cf0ebb680cbf9c8b3430eec18828cde49cf42b0499f08b4f193af48e9b6ba78f3c58f1d7881b70fd4ea2ecb823e9ba3d5d56ee8edec5e5e1c3bad797efed70f565675ad31996f9f3fac6af95a63c3ca15d04c4d969be63fa20f772a7428e6e7ee81de940fcf97acd34b1b580b35a2a367941c5ba1141b6d5087705adbe8c8ee6fefbb61df8ddf1eb3f439a04d14f65aa678e3666cea999836f5c091eb803d7cf8ce582cf6e991a3b8a27c64fe03f5734f0f8fe041fbd35f730e390621beecd810e784ae5344ede6e59561a565406dea588feccac6f5b1cf7045eca0a99a54d4e937191c43f615c60ebeb9111e77e6b3557f38ab7aee8a96d61292a3d5fe321be3756bc6684cf459f54576462ca3d952c385cbf2d46acd8bb1efed9d3f31177b45b50eafa9fbd12b7820f6b4e6f9b3b7a8c8fcbbb0ce0d1eed042c6a503742459af896e8e860ad833e0041abee28d32a0fb384f6ef3ce501524eca1c36a4afae1999e9aecccfbaeee49b5f98b8e1fa932fdf80d34b4957f715e3b7c73e095e89e78d9bf9a95e0bc626f3d4e466a345d75db0baaca0b57cfcbe27303e71fbcff0a5b7dd861f3f7ab6f7bb57ec68ef58bdfa8a6d7f97a5dafff581413ce478f0ab830e6c1f047fef5a58d04855594531549e8d64ef7465587ed2967a0fbbee52953cbbf386eddb5a9a1bba05fb3ecfc3f3a770cd3bd774f7353796ae5ebdbab3cbb9f15b9ae75755f313876e7fedc4beaf4cf4d711ccbd74b6235babaff7f08f3dba7d5b5b5b6e1686fcb9614f6c02b4d8599a7478b15aa1872bad9f3c95f440ceb5c47e9bddd2ead8b56113366cdaed686f2bc0f9fab9ab5ffbe0965b31bef5d0efbe1f09a93e6a75d6d7f56d79f405bb1d3735884d2fee9cc0478e600ea7dd751863a79bf639f6a9fb34fb97e397adff23fd0176eebfd850da97a0cb60941667c11a4d67ec3a3841d1c2de85bd695f629a92ff9134606946d0512e8cacaaafa352d51a74046803f7efe830d0083eb7027f398c9dea1274737a09ba0e683d95d3fc33e241b619e65f857b1b7c06e0b34dd631021f0bc8bae173277c0ec1381bd620ca83fb5d30868737f89d6543df40efa24f711bf6c275253e86dfc09fa97a54232a8fea01d5c76a4edda3be47fd13f53b5c39773df71cf791a65633a209697e9476495a8f1427fc5edb444f0179b4f89f4bfd2142d2bcaa9871d44c72191b515a8532549532ad461b557a99e650be6aa34c6bd072d52e994e037a9f4ca723afea984c67c0b363b64c5f826e51c5643a2b9b531f507cc359da5b651ae0cfbd57a65588cb7d40a6d5a834f72199e6d0b2dcc7645a833273bf2fd36940bf26d3e9a825f72d99ce40cbb54764fa1264ce5b26d359e9aa3c0768c69c1a6c65170fc934878a8bc719ad01feb2e23999e65061f18d8c4e037e5af1bd32cda1dce207199d4e712b7e4aa601abe2e7189d01fccce2d7649a43cb8bdf6234fcfa56ad2efe44a625fc255ac25fa225fc255ac25fa225fc255ac25fa2d3d144c965322de12fd112fe129d959d5f7225a397d1d8eb6f926988bdfe08a32f057e6efd1332cda1d5f52f323a93fa56ff8e4c833ff5bf667436f073eaff24d31c5aa5bf84d139548fbe4aa6418fbe8bd1791443fdb04c0386fa6d8ccea7fee867641afcd15fc3e802e0e7eb8fca348788fe51461732f957659acabfc9e8154cfe139906f9060da357d29c3654c934e4b4a189d1252ca74fc934cda994bb52266f96692a2fd54c25cd698320d390d30609cf3a8a4fc34199067c1a0e33ba81e9f9aa4c533d4f523a2309ff8c24fc3392e2ca488a2b33493e33493e33292f994a5e1e853ed00a15d082ba8072a36924c07d008928009f089a4341c631c1280434fde681ef63128d3063407eb80872026f0ad64750988d04b80b20bd07bebd4c320bae3e184d005740b3c07130ed01b0abd8b181f639d01d053d04f48aa0d3873c407b800ec25c286e87c4bd6f86df1b0455c7475df0fb8ffac0838620c812b0cb831daac38376cbb25b60340d5c3a1b051fc3f198280e3e1687ffbcfe4c322c0832c278026628976748a4c628e911e54809b31285590f8b978e2641f72cac0d314e14a4bc0c39027c251f56f089a2e363eb020cdb756cbdc0240434033629d25ef64d648f1459c2f861e050fc82f10c26e2a0f311f0c2072bc380828149d2888c20e187f9c555b1364986c4a5083c170d30db21e028f1d5a2111653386eb70b6cd0ba4be86848b2e44ed1ada0c8334c68057a59c414b3dd0cddc9cf55bde74a262ab187c9ce826c00724e6b75122e9f9cb706565f2260ee63d1d8d9cc34f39f075f69fd0d325b2136e363bebbe03b915f1a510b5a034f91ad4b2046731b055f822c93524e2799bf1156a363ac8e0843618ed58d94e748bc761569ca13d90ea215467d12987f5e2617946b5ccff00d303b41e6b5b4d6236b11e431cf74075904332015617374d504f343a9d9c5f517915748bb21740e67321e833e3e4ed4ffb9e804d9d80b6b3c30d6cb7b81f61bc9ae3e6e67710452c666194e1ed61d96c26c568ed4c7fa869f7508a5932dc69eaef133aa06e46b53f6e3d2da251f3e2fb6c9bb5da9cf10dbdf4abd2935be54048af573fd5a9754033412299608b3a7ec9e10eb1073ac7e444029c0ba227fde48a5dae353aa4aea6ea2fc2d4525d1b4cf06e56e4bbd55b2a9e8a192b4a75fa846a55329206726a15dd9213e19e510ebff3eb68723726ee919a5f49149b69bfd2c4a05e5d4aad6b3ccf08cf6ca75706ed75ebc136ad8e945e35c8b9ae012582fa23676b3de2cb0acf2c0a3084d818432d724eb1c5f7412d4cabb37d12dc271c4146ffe2767ed5f78b691558b74d8141da4245ecdbb8027e549a91a813d13f8e5333151dd173aaf95aa3cff994d333718df39e1a49346cab75405826c6b8ad57240cebb9ec51c92cf52a9f7d0cec033fca53c2b752cd55550eee092057a0e486767205e293c4a3cb32cee677f855cc411e259eca27ce628fdc3cb3851c046da23895390b053cd2fd74c8de2e3f9738be83996f2d402d9ae4dc2c8cb4e197f4a9f3937c60be863ddd7c7d629d24b7737fda2eea660bf7835454deaa7c9712b7e259e2813bb2671122939d4b37e2f322b93f1b1905421b46f49190a83b6c4092b793dc17c11e4932a1acf65722f9172d824673ccc76893fee83b2af536be92f4735f98497a24c3e69526b3a81c42cc371e673e651390de8136f40464648f2c0cbbea9cd042ebb40c2937476442ed08fa5ceef65112827deda942ece834691759ca57f4348cf7fca2993c04739c9121825f794d45561d62ba45c4dc8712f7de6f2e7c968281e7d985569806997769174f2269fe89fb70294f3ad0f99d9ac035960340aa7a59371acc0a3cfad4e981981510f707b80a30309973caf63991a65e7501fc80db3334ed2e1846f3b8cc7588fb320c2c674d40ff276d045d79ad15666c30cda5c4cd2c9740f00d70677b32c47579880330c634af7b22e28d9b3c32ae91791553e13254fddc027f10853bdb2328b8a6703307282fe3e79d600baad4c1ff59fdab730da1ef7d3227b6a601851cd54a7093cb2b111e50ec37d10e45cccbe81c52c796b673158605e8ac5cc3ca0961be55825398acf883c437344fdb3c19588cac030e863de24f033c17d103ca7fa7b61d6cd4e0807acec6191ba187a6619331aad8d8d1251499932b16828aa14831ea007e0d31bc7cec9be255f9c49da52b11b65f30929293e83fc6d62c839d848ca86898ddc2c5774562fe7d2c9e2586c759455a299491958c4ae78855858f54ade2bd529d970247922d9a3b94df645a96a72813d226951e687e54c9f8b0b45ddc030a17eb9e296cfa7b9f151d2dadcd245dcd30219100362642e281093180a8a213ee213038dc4e0f713a76f6a3a12264e212c84f608de469295d5274c848459e2080a01375d63e3e7c46884f8c5299f8778c4e05c88ae21547d731ba9a6b72e3d71f2fee034e9e3031ed1b31bb85bc4e900e98b7ac3d4927bda1726fe643d936288187d137e9f87f713d922c888609484c568c823c06d3232cb8704120d78851089d038ac6e62f3798440585847c28240849909c1eb15bcc42f718957087b42be200d90d9f00a11dee70f371a423ede6f14fd5e058ab58c43288bd40cf83c2191daab1d114261bab6abb1b9854934b0456e491a3ce44924c47b85193eb49b8893e74737ce6418f684f8595f608a382627c151d2409ce2842f40ec3ecfb4e8e7c37a32c847423e8f8f272e9e851b262d6bba5be37e91703418f4fb20d04931106924636294ccf073240a214728b8944d2222f184043e22e889d7170e02e07ac207bc2418f2c1ac074404b8f36112144233be4804d44dcc316015f8223001590829c424b5a0a777067fdc9d6048f4463d113da165036bf5748d6200029b9d86c8923c9b05a3be80c71ff5d21a53bc1703fe3952e3ab95d298240e1a2ee4ad94758a67480853dc28e2090374795cd73a86408d0fac4484199a9e900fac7ac5d9805fe4bda9e8f11254506d108e08a6e03b1a0942d57a051a26959916fcc15444612705e664719a105008f84cfb267ce073635616ad9149d1ef175909c850ebc9041f065fc540bcb29524d44c4722c1b54d4d42a071d6b7db1714bc3ebe510c4d35d15113488ecb7ba016d2cbca224c1da36a96deb44b6db6d765091b95384561de25424c141a618fe0878dc8e04eddd614ca948d9d9535489313667b06e2060804583515e20119af9e4c86609342f578a6f9d014c44c3106ac20a3b09c8813b0390314149e3516a5cefef228a8437c382cc2cea1f5e1153dd119c8082fed7f9f1f90a9a11a53a2252eb9b39caa651e7905bab5a53c2c2947667d9169ca4e2a37bd5c6ed47b65daef833a956c535d21a9b78205b68968847a32237a7d93f42e3040825108283ccd362ca89e88d2cd1ba64cb94a20c226083c2c40b3060d34d7324a4bba2a6d7830296d1a1969e6c4ecb438738118e936888602e08cc0147845e8c0cc975d8227a21458a28ea1f8bd3eb6f1d64a25ce4f887b84a40302fa1fdd32cc1fbac982894a91a7c2d33c443521a4ec5c3e29d010351f8e4031d1ee0b9b57dae8170280eeb73e3371392cee5183d34cac2e32e8748c587bcc3d446770c158a727a356779f63d84d40c269b0bbc788c3420cf631d26fb5f7e88979eba0d3ec721187935807066d5633f0ac76936db8c76aef2546586777c03964859d084add0e420dcaaaac6617553660769afa6068305a6d56f7989e58ac6e3bd56901a506326870baada6619bc14906879d830e9719ccf7805abbd56e718215f380d9ee6e04abc023e6111810579fc16663a60cc3e0bd93f967720c8e39adbd7d6ed2e7b0f598816934836706a3cd2c9982a04c368375404f7a0c03865e335be5002d4e26267b37da67662cb06780ff26b7d561a761981c76b713867a88d2e98e2f1db5bacc7a62705a5d14108bd301ea299cb0c2c194c03abb59d242a126291901113a1e769913bef4980d36d0e5a28b93851be11147607f5c915e2624ff113f752682a2380b7ece7c902293e04eb29f4dc97312c7c2d6475266649efa80fa05f5cbea17e1fba9e4f914feffee0baf65ec73f1a5d7dfde4bafbfde2ba78b2f7a2ebee8b9f8a2e7fffe458fd49b2fbeecf9db7cd92365efe20b9f8b2f7c2ebef0b9f8c2677137bff8d227f5a58f82cec5173f175ffc5c7cf1f3ffecc54ffc2f23bef3fecd449aa1cf81b4e7ec614f5911d8fbc9b2e7cef6b2679e708a94c2b3a00f60bc1b7d0af21f002ff5ef29a973ca9a3092fef6222ea931313bc2a8641989d3c7467bd85f7252e753670659370bb1ce28f5bfb914e9a5e6939112cf8ba1c895721bb9759c89ebe4bab9cddc06ae9f5b932cbde4bc7bc9bf5525b8fd94835b804e9e4f70fb591f0e02a2e22289381f6bd17bea0a387192e6e33c9bfc14c22fcab7c2fd6f0b453199656e6473747265616d0a656e646f626a0a35322030206f626a0a363438310a656e646f626a0a35302030206f626a0a3c3c202f54797065202f466f6e740a2f53756274797065202f434944466f6e7454797065320a2f42617365466f6e74202f417269616c426f6c640a2f43494453797374656d496e666f203c3c202f5265676973747279202841646f626529202f4f72646572696e6720284964656e7469747929202f537570706c656d656e742030203e3e0a2f466f6e7444657363726970746f72203438203020520a2f434944546f4749444d6170202f4964656e746974790a2f57205b30205b37343420363632203535322033333020323736203535322036303620323736203237362033333020363036203338362038383220363036203237362037313620353532203333302035353220353532203535322032373620353532203535322036303620363036203630362035353220373136203630362037313620353532205d0a5d0a3e3e0a656e646f626a0a35312030206f626a0a3c3c202f4c656e67746820353831203e3e0a73747265616d0a2f434944496e6974202f50726f635365742066696e647265736f7572636520626567696e0a3132206469637420626567696e0a626567696e636d61700a2f43494453797374656d496e666f203c3c202f5265676973747279202841646f626529202f4f72646572696e67202855435329202f537570706c656d656e742030203e3e206465660a2f434d61704e616d65202f41646f62652d4964656e746974792d554353206465660a2f434d6170547970652032206465660a3120626567696e636f6465737061636572616e67650a3c303030303e203c464646463e0a656e64636f6465737061636572616e67650a3220626567696e626672616e67650a3c303030303e203c303030303e203c303030303e0a3c303030313e203c303031463e205b3c303035303e203c303036313e203c303037343e203c303036393e203c303036353e203c303036453e203c303032303e203c303034393e203c303036363e203c303036463e203c303037323e203c303036443e203c303035343e203c303036433e203c303034333e203c303037333e203c303033413e203c303033323e203c303033333e203c303033353e203c303032453e203c303033303e203c303032343e203c303036343e203c303036383e203c303037303e203c303037393e203c303034313e203c303036373e203c303034343e203c303036333e205d0a656e64626672616e67650a656e64636d61700a434d61704e616d652063757272656e7464696374202f434d617020646566696e657265736f7572636520706f700a656e640a656e640a656e6473747265616d0a656e646f626a0a34332030206f626a0a3c3c202f54797065202f466f6e740a2f53756274797065202f54797065300a2f42617365466f6e74202f417269616c426f6c640a2f456e636f64696e67202f4964656e746974792d480a2f44657363656e64616e74466f6e7473205b3530203020525d0a2f546f556e69636f6465203531203020523e3e0a656e646f626a0a35332030206f626a0a3c3c202f54797065202f466f6e7444657363726970746f720a2f466f6e744e616d65202f5142434141412b417269616c526567756c61720a2f466c6167732034200a2f466f6e7442426f78205b2d3539342e373236353632202d3239302e35323733343320313739302e3033393036203933302e313735373831205d0a2f4974616c6963416e676c652030200a2f417363656e74203635312e333637313837200a2f44657363656e74202d3138382e343736353632200a2f4361704865696768742030200a2f5374656d562036352e34323936383735200a2f466f6e7446696c6532203534203020520a3e3e20656e646f626a0a35342030206f626a0a3c3c0a2f4c656e67746831203138333034200a2f4c656e677468203537203020520a2f46696c746572202f466c6174654465636f64650a3e3e0a73747265616d0a789ced7909785365baf0f94e92160ac5867441d6535aba40baa669e84ad334694397b4499a6e20cd72d2a44d9390a52d43412a5b41446414575084515110d0ba551d1dc6ab8e0e3aca38333aea38771ec7f1cef2dcf18ef7fe1748fabfdf774ed2b4a2cfdc799efbfff73e0f3d3dc9b7bcdfbb6f2787421445cda17650028ad2190a8a93d76fdc052b07e0eeed736db1db334a6f80f19f282a55e360cd36fbe75ad84b2b81b552072c240e4b9e85b90be6998ec1c0c8d7a65439cc0fc1fc6397c76adef71f075fa4a84578df3b681ef15215d430cc3f8639e3360fb279455ffc19e657292aff164a2018478728113547749f4846516809f72d788fb2d30be788e87971421aff093fa3f2a75ea5467a00cb5cb82963b38aa16a2866eaaae852b80dc9e2abd15335149a9a9aa2286196e8454c8d4aa1682cac082e90369ea2d2c5e9e255f0812821759511bc7ab546445da118e1ab409a3a0227578b2631b04c2c13a7a71cb940bf2f9abcfc6f67f0ee2bf03106bb026ef7950bb0a381f5c7e0d46e589f8bd7d353d2c9fd98e093ab9fd3e742ada2c933e1f233213bc6f03040fe0120e7c542a6a73c2cccbc7a4cb0e6ea07825d187adde970e219807e00f85e11c12b43403203891f7843404fbe71352c9abc3226bcf9b246b8e3ca0e803d09b02b239801370686cf9317e8cb172e84e24493a147e8eecb1afae95033455375537f10660bab2931954e51922445a92c352d3525393e2e3e2e6365769624392d5556ac285564656765c35addc9f1d73f3a706b55757078ff67e3fb5fe8ea1cdfdddd895067f7eef1ce2e5a82b26e1f42070f85de090cd7286f3f88165cb4d9edf6f75eebb321646381bb75537f109c077aeb809a2295432ec7c8c9a528015270c98ad3602f2d1e9632806a4a1c99926b9ab7754fdda0568d8e5656a292acc3af373567e7a2f41565b9eb1b0ca3bd37e5e589cfcd2fab706c2b91a3b4d48225bb7ed8bc5ebaa6446eb58dbeeb72a3aaa5036565b2227555465a565156a6b2a645535d91bb3c2d2533b3aaba6f515b413ecac955642c5d26999751b26265d5ba9e6e5deb1aa9a99d029ded0d3b85e920c3222a07a410cb52a63926cc650373d96241728c74b0baf764d97aad63dcd1575a82ca2b3c9bbfd7a369c8171bf4c323a676a46ff7073abac24ed1cbfbdb727334f5dbc7ee3e39b6535d8fb2565584ae084ebe63b6d86dbf78cb0e6aec77611ec6c1892a890782274be4b21401d8797c626242f8c777dfbd9222ccbaf211683b73eaaff46ad1bdd4128a5a9516971d47742cce90cbc40a603b434cf4aa48a593163757584a4b53d3d0ae5d4f3ff30c9a37272d3977d9f107c508312b64452768eb0114ef0adf7620f4fde6d4b4f90b10c23c68c17796821e8a2935e0e7ad123121bee4259cfde2b339ab464c9802aa49cbc812e02db8d2800d592a3922a8647b36f69fdbb80965aeac286b28717de84032f5f88e8aeaa5e7d2d62a1c7dfbf79a8cb9d9e2b9f313325e5a966a79cd935fb06831426b4b9d7dfab6aca568a7696586c9b8a74559939d9d9cb8e0c65599f306f3abd09a7cef226fbd3a6b155ac114166b0b86fff54a6d5da5027d9abb442c49599593df5058880aa4ad55c3a0b59da05bc57474ef9c20d14d53c7206643b09e442d23511bf1491001f208cc398941e6f46374ee1d2d03ebb5796b101a1a09bf151e475b5f6cd5e5173415ef0cef134da2444991ac6783eba51d3b51e8b400a17af58e1e554d6a22d66b23e87539e8750995099ca4f18a1527715e264e8ec794b1c2503aef5b829b26f386469eff727cdffe7d9f7cb0772fbafa8784aece3d967a4de823ba2d51d131becd6042a6b4935ddd870e22219a77d79d771c0e5f16af38b761239297a0bb76d7f521a437e0ccb41b58781da84b88f4bc6fc773768c4b11ef7eb8aab4645df7a6eadadacafc42c97261d671efaaccf247b3d1cacc75bdbed0cf318ebd90627f4f24e070f0d1919a02a98868287b25c6b5f7e1e027bd6d3ab067c2444a6a496943406f1466dd7d7665a6a2ac49361af2d37b06d796a6af40daf56f875ec29681ecf199300beb3f5d4eb4822f3918097b1497a94ac1b5c58275db7ebea9d590957bc3bc8979496b156d6df59a154bd1c4031399196be5ad2501fa70e8e9db8aea737257e76835fbe83208178eefb82ce05b1a955d813927fc63deb93445f44026192b39a5ec3d5e64d40f049bd733dbde3e6a6a7f1a252dcc2fa8daac5d3f81d6486dcdeb6a972e1366ddd552988f8a8a3b263bba9e0965d3475d85f9cb9722a46d3a11ba9b7e6aa4b23227b7a9f98ed087e0017ba6be10e27c9f8c3d203d0304e218c15712b8435cb6200e072ef057c27181f21e9df09d3777759429405f7bf7befc723f8de4c6c34338b91882c3ed2648fc5f1f44d9b91aad8df587ff72e75de8183af24afb01841cf6b77f66b5da1dd8f75e0035ec010d4fe715b85fb878f1a2a0ebe2c5ab8f5ebc085afa0d005e11bd4acd27bc61bf90634dc9e82b134ae780e1eecddec28070ebbaaaea154f6aecb65e38510991130f27b2214fa4a467cdc80f2bf9fc40749c1ccfe7847861fc55059d966968bdff2fedc6a6e6ad3b9b5bd00b0bb78dbe7769ebd6cc55faf61f3d9c5fb0eccc999a2a6b6feff61f077cf6fe466d4bcb7ec93b6e5770e87497d1b471d3897d05c585407d70eaf7a217449728dc53c8578923193a4b5e32abd6707e494c9acc6546ec4d82267af0d0ddf73cf4e1d9f3dddddd9da71efbf5836337afd7669d4d2f2aeedee0ded36b29af4c5f5ba71adb7178fbc84835bdee340a7de62bab401b7bce9dfdd52f269fefe996c97b36dc59e881a4b40aea4a6dad6edfb17fdab9ab46895071c15a24061e75e0d97f06cfcb888978c9347ff1bcb3e154a9002f17549e5f3e34f2e447bbf6a0b2b2a07fff69cf20737671b5b26b9fd1849041bfabbf5e8376a73dd7e780229c707a6c4c59d3d1f5d0927e45a9d972e997bd16a4ac01234e85a057e8023f8ba71650540692a10c41ba40922ec03e2ea065efd19d9f3c11bafff887e8aff7d6a72f2bc67910bd14aea3bbd191e7476ebb15fc45196e13fc0bf0bd8ac27ddf7410ca898ee5597cde878a1337bba790f332d9cf26c8548151b5eac6c4e1b3bf1e19416b15cebe832f6e7d0415c906dd0fbd1218bacfa0df3e6a34a2f6ce2d234663e7e2b655c5c5453d8a7307d0b1a39fde7dcbcd20ebdd3baef6ff9f3e4765a5c92858f35e6f6fef4d177f6cb59a2dd8a78d104d62f0be34ec7fb8c7812b528ae8285734c7953889f382f6d29201c7f1a1aece8af2f4745422770e3cf4f32d872791c9b06dabc968346ddba6dd485f4282878e76b423945fd4d973f32d1f8643471f6aefb8e73974347c646804447120e7c81072ee012e34535f087e03ba4ea5b2b8ec1537cb0721ca513297d8238553b0967d6d8773a0bc425e32d0bfb3b7b1b1e0e910636a1f1a32e88dc6ad5b746d7b8ea17acdf6d193c7768ea9d539ab6be805d0d92dbc686391a5f7f50ffbec086b40401d999a127e09b471c752365dbb48b845db16080b94ce198f8b05bea6918baf6b47e8acc7ecb68a3299ac6f778306925b8d7293e5d6f0f751d5d85a2d38f7cacc9adaa3e15fa3c19bb2547979cb96a2d56bb44db786cf40c55b93df73936d93de20cbbe69d3cd8e8eaec24228dc02bd3855266bd6ae55a44850581dea4173e62d5b5a5a52df565db17811c44521648e49e2a1b85f97e32e9996849709f787978812cf9cb9fc6f00931e6e15fc0572d652b06e36090f7221990452b74222439cebc5dd9c5c9e5799999996942d9c1f1ebcf0c9ea8ce5d2df4d845dcacca2aa75edf270df29308064d592811b96097342f706c7b60ed30357de3ca7ecce598d808e123d4ff7d383b82f9000274a3a173dffcc33d8c3dce1d6f80f441f501ba920d70971ad16e7fe24732b64029254b83e876f1356c6a41a21cea071d1f6913bbd5051ca5b2a29b28e5d44913aabbf824bb8af56d7d6d6653442c36b68fdde169fa95557b6f2e943cb5324cb4b3a36d7d5b69b4e3d7ef15f7e74a17f60c0f9f64fbe4671e7cf753d231bddf6f8137ffdf4c59776ed521911bbe59f7f8394fff1c66b7ef34f9ffd957ab554b2209ca6ac6957acab2a57acca54d599958af292d215cc89c6bc02048d83cb3576ecf883ad3a9457b0e1fe90f9c00d4b24c9a85a37befbd02387efe8e81874fff49d2fbf3e7f1ee7a4aeceedce4177b51295ad0df8ee7af9d77ffb04dd70e810b2d97ff2e45be14f7ffb364a49c95e849af735352394915e5b6bb7f58d3736a215e90d0d7d0e5c9b27e1632f759174655093262f925a843b0dfc1c7523d7abf16592ef33223dcbde89edaf0e757464ad9a28afec6fd5d42f5f0ec5f0ab3b507e81de707f68137d7c6f7515ca59a369180dbd08d65c0c3e97043813a844ceeb908c74cb0231a28f8476d147bffffaeb136139daf403c1b357d7ff207c9c16d2778506e0643b649a1b21d3aca6caf9e79b883782a9f84483239eeb84c54991e4834aa61f74b071bd6752abab2cfa9aaadc9c254b50e9c64dae67b76fdf75cb1b074786aaabaaaa87bf77fc8ccb4dff546ff46fe9ecc2296954af4386a4ef29d6c20383729d6b60f3fc451d25a5bb76fdead37de3a8a9f9e0ede1afc25f3cf2684747ef4d02f97d1b7a202f3c70a0a30bccd281756b9afa5c980a7caf8d3c95455ad9b8780597d04bf8da985d3ae35907eb9ac4567696696245a3d6b5bdaba34d3f2a6b4a5e38cf0f6454754ea7a65e32911e0c3e39c2da14254826b3ddd2d0806e3df08b0bdb77a09d8bee55d501133b47db7408498ed19595dbacca1a545bbb8b9960ad327967976d534b4bfef29b361d7c75f71e14f083fdf5bc96574076a805f6f948230d441ccf5432ff3402eb92b899f52645c03df6c42ca1fecdf25240fecaabc1202a291ddc5bafd9bde757b8baa2f50d1654a71ae8abab452ab5dda1aa2b4759990d0d86315c8f3a6ed9a1370a96e434370e3ce81ef46c7ed0ded89c9367b68cbf7cf38eb19b7f74d0d28b8c8edadada9a5e6b9daa56d513ea696e6880e754837e6cccd46e34e2dc711c6a30e447e8695793cccc39302f479a2443c03f1b676444d23109fbf4e3f4fed7ec2c38ae8dbdd4946b6c9efadb0553e9dad5d2bcf4c6dfa2e3bb1b1bb3b31b9b1f0e178a26b373adecc8d17ed7d2ac8c966078332ada59af5eb6745e7c282890a1658bab2bebfbea54e0052cf44943d027e5467a90982436a30be1fa10ce4d841317aa8f3ef8f99fef3cd2d402867cf8a11f7f7ce448c52b32b3e5f0e35e5f3ea489b5f2807fcf89cd5e9a2efad7d1ed50989e7beefdcf9f38d5dde9ddfc56de83ebb56d6de3fbee7869ff01b51a6dba09572bed549e5012a7a48aa80aaa0eb4c3972352b3c559519e2009441b3771a49e63bda508221c8a2591da85c27b8da6caea846752e48d035ebf0918dbd7f374ffd10d438b26c545b2ce71a9515e02edf8d0f0cbfdceca6a486eb2adfd4eb50a15161fba349194b7da623eb0f2b0ca9c4057a5280b4cedae578775129329a9c9f2c4d2fe328524f49f190bb34ae4daf5c69746b7cd7d362e47acaadbb8b1aa7a15faea4a66624b73c05c558e7bd17be009e306f20c896d8d708142e990ad500612df8332514f41da8d905990e8c5b0e96cb8533479e5abc3f5ba0704572f6b846f5f910b3fbbc20096f6a9df0bd3458fe0a78368969147dad76c09544901c984297c296a7f39a5b9c9754b7737b450b77668eab34f1da43f0c3da7db79f8d55dbb90ffb6bfbd09b1b82369bfba1e59cc27eeebea84e784ea54faafa7c3433d68f79e9fbd79e86984367b81f206a0fc47f011154f39fad05512f90d27fa13404c5fbd3252e6a67fc1e12ae486e7120bf359db36b7a97d750eb4c63d156fbdddea94c9d1baeaef8ddc7562dbd63a956832a9bde3d4795d5b99e22f7fecbab9ba4a5537bafde89bbbf742a5f865925b53bf469ace5494d5d5c96519a9c505d252431bebb6f4161741d366b78f2db815bac31a654f6b714949694e45f78660b0cf01cd39aa280ffa71ee8b030fd38045f0d38c185a6062121912d315a1b7ff84d2751ae526b4f49f43cfd18382e6b066db56ff2174f6ead3a1efe3d83d363525ea26cf69aba66337f631267b557af1cc0eea18facf27bab777f92bcab2b3abaaebd7b38e5de1f3a8ec0e435bb11a1aa8c6e601dde9f04f459329cb9aac77dffbdaa3636346534131b44a67962c2e5607fd8f7ebe6debeae5c07729f49366a09d1693b3b987df68a75d71367eadc2a6959740737501adc9ebb58c5d601de8a145a7aaaa5106286dbbe0abab37be60b397c83d1e2c8f0532c027a29f5329a453a615a5ab8a675b4c91c49112475b182bfaa71f23c55b274f98dabbbb7ff0c80fdf3d71d2607cf3f683bffce8f6db2aabfdc13bdeb9f32efa2de4fad945a83aa79ffcf8b3b3e7ba3720c4dace9c7e25fcef77df8beebf172d7d6aefeef5dadb6e07b924c0c80ef03052d133e4b268fee17e83484bc1a5f8a9071f44c937aa6a869b362c292b32a467a077df15dc776073bf5c235db3f068025a99d16b3970d50ef8e6f2f64d00fb4e9b975686de7c1f6dcb6356e6a103af872e40a0fd7287776444987b5983bd829afa822e032ea0db48017074ea50b8f346d19f2e27536417dfb58367049b6ea8fc1aff803efb6f2a843b42c861c4bff83f38232a0d6f479294f6a9f6a927e27f4130c5fe29e26049e8a78ed065d42bc2df518f894cd4c3a237a807604ec1f749d8ab1352d43af8de8bdea0c6613d13c6eb61bc13608fc1b8917e9cda8df7e1de19f738f9de03702fc0f76fe0ae8c2ba3060147abc8341582792ddced706be0fc11a059087be98043396705e58173933caec53c9c096e03f0721c6e3b8cb540e31ebc07e737c01d07ebc784589632ca0ae725b03617f30f7f2990b10a2935b581f2c1b58ffa11a43d168da0476909bd8236d087e909fa334192c028b8437042f092e08ab059382e3c25bc22aa168d8a3e14fd316e459c34eed3b82fe325f185f107e27f3767fd9cdbe75c9aab9c6b9b7b3c21212127c19e7028e1fd84cbf352e66510ed2aa8216c43de6ab3ffcae91f5214b74f2f262b0202994066784c530be84c7e2ca0eae8627e2c8c8111518be8217e1c07f007f9713c65a31fe0c77340ee05fc782eb55f10a195b84028d81fe10d258a0ff263448916decf8f692a7ee143fc5840ad5cf8283f16c6c088a8f90b7fc28fe300fe037e1c4f152dfc981fcfa11689efe2c77329b524911f27c6d3123d60464201d09abfd848c62218272dee25e338b2ee25e378b23e4ac673c8f80019439cd1cb173fc08f391d72634e87dc98d3213716c6c0703ae4c69c0eb9713c65593ac98f391d72634e87dc387141f2b2a5649c10c3ff3cccdb9a42329e1fb3be008fd7d4907112e66d4d13194b60bc704d371927c7c0a7103c2e324e8d59bf919ce5f4b084c0ec27e36531302b62c69904fe3e325e4dc68f91711e193f8bc77362f89f13436b7eccfafc882ca728862a068d14818f33949172502c7c37531eca0d7780da4279c98a0a663e18e34f33ac3b09443eec2829175c0ca587b53e381fa0fc64c6c2370bd043f0692390897035c0cc02ab2c350c2b3a82dd0d7423749a00fb16c01d043c0ce0f5004e276585b115c65ed8f345e93051ee0b29198cb2a2330525253c980183176019a06b063a1887951ae061d7c3cc01ab7837083cfaa332613d38891cae6fe5c74e74c1c0b383132472915533d1c44c19393c1e5e52865009c2ae95c88b6776c03d0c677d6425085036a23906d623f6d0024f583b4e72ce4d745b41ceb30482a5068126d6b48d7c323c47115886acfb6105ebcf1bb5e0b41c783f005c38e1a41fb4a0249058226ccb3ee0cb45789ced1be53190cc2c5886ca017827a1ea89ca9a4b99887cfe280f0aa0877d701a5333c81b8b37a24733d10af6411b9119531920fab5ff43fefb4dc8695fac23b0c300eb0699b0b7dae172f296cb23d27a40eb4e22430bd971c00a96dd4f3cb095d0f2911d27e1dd009fd316c612155165f0c45c7c0d3d61eb0681172fb12567553be13740bcb48b781243b4b085780e67e940d47b23d078cd436208fb18e68925fcd9089c97f77229d1af9bd0f112aeb9b3561e0bcbcfcd04b7974830085001b2874f59081f11af9ded8101fe04170fbe6facd8a33248a3f3e908f8a676bc646e833356984bf968c01987a32b8dd2992d0167b161a2272bc90fd7d2d9302fa993640e17c911915c365bf7f88c8b8c72003e7746445e1b3bc7c33faadbd8788ff8a78f4478c4df223e7e2d0922d4bfc957458c0f6049385902845e247a7c24476c21fee3012db9495e347faba49cef9967781597df3cfc27271537c699d6cbe75bcc6dc49a113c181267f5eff251ae2eb979cb4c638f448893d7b28f54002789e1006f5b5ca52279c44ea2d945a48c6879a6574b8965cc646ce3fde09b797b7624e490fa85e52ca70ae062492ec234064876668955cdb08635d4071091bd021ee7a659b520978fdee96ce18f6a2cc2cd7fa5dafe9dd58d593a0b47530407b32ceacdfdb0c6d929e2352ce90a5c7c559cf6eeefaad811affcf6aa8d2dd71a8d1c7f4c7de1eccd7901cbd3ea23beece6ed2e2532fbf86acae51e9c19cc44ff9c9d237eccf99597cfe01c055c07b8eae98e7a8a999aee5a66e7b3ff065b44356426b27bf89a13c91f36b21204dd7031325d051952d55cbccfe44478fc76db52b88ecde85bc0dab9313ab2912ae39a9167be29e377e023d9d749ce45a0af9ddda4b3b25b44f7b34f63ad71f93456ee085fd33de574d44c57a2880da524df7b08157b74cec67808ce5b9c85fc806dbac2725c5b082f2c5fa982515bc6e612ce8605bcc5fd244a5c511e22713dd397fe7eadc656784ecad84a33d3a7a735314cf438f80fda31520d70cfebe635c3c67060239f98e6b45efa01c21a533b02df918fb9cc6f2312442a5ef98c2c6e068c1e9271aefd14c1f57f912a33ad9f48259bd6516c4e9979ca4f7205672b0b2ff7b56baef95b2cea8b4aef275eea26d8b928e22a6f6c45ff473d2052df1a2835d9d5511a987540b5d493152dace1be550f3b2698d5c16a1dac64038481dfcf2696ea2075a801e0da498de370e8e1b305e65d24c7692886ccf1ac11e05b00173eaba63a090d35603310483dc1dd0cab4df0ade6e1f00915acb4c31c8feb4916e4e8b5c029ee9948cbd7448e5323ac3351096772a52514239c35c34c0ff81bf85d25e0d6127c987f4c5f43c62d513e353ca74aa2238c19e35401474d648657dbe1bb15e00c84be92c8cc71db4264d0c03e278b9a708029e7f3b27270583f267e07db08f3d704d7b4544aa28306c2cdb4fe54f0dd0a9c63fcf5b06b2415420727eb88a406a23d35af332c6d13994d4bc5594a45a4c15ac53aa8837133dcf551dde9c927c78b3e06db4cdd7590fd69284e3e25ffa9229ad39119670d15991989adf0ae94b7a59ec8319b6a07f14435815212890d510fd110efe5b88f7827474317c309470fdb369697885733df11231c96c87e3b6fe96fea056b5d497482f93244297f1be6fc534c71619182313a58a6d9e3f604b6785946e5f1793d3e73c0e971e7334a978bd13bfb1c013fa367fdac6f88b5e53389890dacc5c70e333a2feb36e2334de62d9e60807179fa9c56c6eaf16ef1e1330c465f2863b2f09742cae8cd2eaf836930bbad1eeb00acaef738dc4c43d0e6c7948c0ea79f71c5e2b17b7c4cadd3e2725acd2e86a708301e20caf83d419f95852f7b60d8ec6399a0dbc6fa980096436b649a9c56d6ed672b183fcb32eca085b5d9581be3e256191bebb7fa9c5e2c20a161630366a7cb9faff439cd2e3ddb1774997d116d949345865f65729a9d569f0753cd35b13e3fc6a0c82f2c2240cd460e16583433019fd9c60e9a7d038cc7feedea8d2e1225d6f9ccc34e771fa3b3db8153268fd17b2c4e37d3e2b43a3c2eb35fcab49a033ea7d569660c6622af9f292a5b5b1c6589f107bd5e971324b57bdc817ca6cb136406cd5b9820c81cc0dac5cb4cc0c3587dac39c04a199bd3ef058d4b19b3dbc6787d4ed8b502080bdf663fe3657d83ce4000d059b610cd46f417800d30832f32b0630a52fc4df41f65c7ebf3d882d68094c17e0367a5f84c84000836ec00c962381b06a24eb7d515b461278b70ef71bbb63039ce5cce8e31e080e1bbb8e5cc8ef5e963fd586f58e3d304f0f128ae0aa2811c275009b083d83c3e2750b57986dd2e8fd936537b664e55e06e208e0748c16730e005b7b5b1584c0ce3605dde991a8550726fe1c1b1410021e8c7e1b43881e7fcc444ec23768fcbe5212ec0ab5aca58cc7ee0d5e38eba76c408398e40c05b5e50c0baf3879d034e2f6b739af33dbebe023c2b00c84d7c10e48279895bf8316318cdb5a3f65ad1f63e0fd184212e6135f77b4026ac1a76887541241275cf8c6bacca19919d98d88a8de327e10272830a5838d5e73383666c52c6ee832805efb13accbe3e9019eb1874051685e38cc702d1e9c64a3193cc12f1b3bf5f0acc90d9eff740e460ffb079acc141b088994b004e17682607639c212d63e053cba55cc2918dc5a1cdd9e19a70ccb033e0c0cb31ee26e5dd0d731fd97639c14f39da18978f4bae408104119650ca0c7a6c4e3bfe668942bc4110c8ef20010ba82d411cbc7ebcc87b0948580082fb59c8d68001db9ad7d23559e5021e487241c36b9a3031ecf00c7e878c380c823e3730c31204360fa460c24b3f6b0d441c6cda8fc1f96d4e1278e59c8b9b2d9e2136a64240fec32143f8c141e69df6147ecbef308354167646e49a6304f561f2fe003813cebe10bc5ca07f970270bc35a819834e63ec50ead58cd6c0b4ea75266d9dba8ec9561a609e2d653ab4c6065dbb910108bdb2c5d8c5e8348cb2a58b69d4b6d449197567ab5e6d30303a3da36d6e6dd2aa614ddba26a6aafd3b6d433b570ae450785480b9108488d3a0613e45169d5068cac59ad5735c05459ab6dd21abba48c466b6cc138358054c9b42af546adaabd49a9675adbf5ad3a831ac8d701da166d8b460f54d4cdea16633e508535466d820963685036351152ca76e05e4ff853e95abbf4dafa0623d3a06baa53c362ad1a3853d636a939522094aa49a96d963275ca6665bd9a9cd201163d01e3b9eb68509325a0a7847f9551ab6bc162a8742d463d4ca520a5de183ddaa135a8a58c52af35608568f43a408fd509277404099c6b517358b0aa99191601103c6f37a8a779a9532b9b0097011f8e05ce871ec7439e97cce449cd426d4189f0e4d10f4f2e5f92a7a6c89e817fceb19167139be03ec179c1cb8257e07e41302938fdfff8dd5402b9afbf9ffadff77eeabfefddd0f53732d7dfc85c7f23f3ffff8d0c979bafbf95f9dff95686b3def53733d7dfcc5c7f3373fdcdccec6c7efdedccccb73311ed5c7f4373fd0dcdf53734ffc3ded0c4fcb66126352232ff2dcc627ff76067fcba417edf98b10f9d8a70b9b048d828ac1756c167d90c4c6e38df027043a487e77299039d43c70514c9adf8d9d7479ec4310deaff0291e99640656e6473747265616d0a656e646f626a0a35372030206f626a0a383235350a656e646f626a0a35352030206f626a0a3c3c202f54797065202f466f6e740a2f53756274797065202f434944466f6e7454797065320a2f42617365466f6e74202f417269616c526567756c61720a2f43494453797374656d496e666f203c3c202f5265676973747279202841646f626529202f4f72646572696e6720284964656e7469747929202f537570706c656d656e742030203e3e0a2f466f6e7444657363726970746f72203533203020520a2f434944546f4749444d6170202f4964656e746974790a2f57205b30205b37343420353532203237362036303620363632203731362032373620373136203535322034393620353532203232302032373620353532203232302036363220353532203333302035353220353532203832362035353220323736203535322035353220373732203439362036363220353532203535322035353220363632203630362034393620333330203130303720323736203535322035353220353532203535322035353220373136203731362035353220383236203535322036363220363632203731362034393620373732203237362036363220323736205d0a5d0a3e3e0a656e646f626a0a35362030206f626a0a3c3c202f4c656e67746820373432203e3e0a73747265616d0a2f434944496e6974202f50726f635365742066696e647265736f7572636520626567696e0a3132206469637420626567696e0a626567696e636d61700a2f43494453797374656d496e666f203c3c202f5265676973747279202841646f626529202f4f72646572696e67202855435329202f537570706c656d656e742030203e3e206465660a2f434d61704e616d65202f41646f62652d4964656e746974792d554353206465660a2f434d6170547970652032206465660a3120626567696e636f6465737061636572616e67650a3c303030303e203c464646463e0a656e64636f6465737061636572616e67650a3220626567696e626672616e67650a3c303030303e203c303030303e203c303030303e0a3c303030313e203c303033363e205b3c303034433e203c303034393e203c303034363e203c303034353e203c303034453e203c303032303e203c303034383e203c303036463e203c303037333e203c303037303e203c303036393e203c303037343e203c303036313e203c303036433e203c303035303e203c303036353e203c303037323e203c303036453e203c303037353e203c303036443e203c303036323e203c303033413e203c303033313e203c303033323e203c303034373e203c303036333e203c303034313e203c303036373e203c303033303e203c303036343e203c303034323e203c303035343e203c303037393e203c303032443e203c303034303e203c303032453e203c303036383e203c303033343e203c303033393e203c303033333e203c303033383e203c303035323e203c303034333e203c303032343e203c303034443e203c303033353e203c303035333e203c303035393e203c303034343e203c303034413e203c303034463e203c303036363e203c303035363e203c303032463e205d0a656e64626672616e67650a656e64636d61700a434d61704e616d652063757272656e7464696374202f434d617020646566696e657265736f7572636520706f700a656e640a656e640a656e6473747265616d0a656e646f626a0a34322030206f626a0a3c3c202f54797065202f466f6e740a2f53756274797065202f54797065300a2f42617365466f6e74202f417269616c526567756c61720a2f456e636f64696e67202f4964656e746974792d480a2f44657363656e64616e74466f6e7473205b3535203020525d0a2f546f556e69636f6465203536203020523e3e0a656e646f626a0a332030206f626a0a3c3c0a2f54797065202f50616765730a2f4b696473200a5b0a36203020520a5d0a2f436f756e7420310a2f50726f63536574205b2f504446202f54657874202f496d61676542202f496d616765435d0a3e3e0a656e646f626a0a787265660a302035380a303030303030303030302036353533352066200a30303030303030303039203030303030206e200a30303030303030313230203030303030206e200a30303030303437393530203030303030206e200a30303030303030313639203030303030206e200a30303030303030323634203030303030206e200a30303030303238303635203030303030206e200a30303030303030333031203030303030206e200a30303030303030333436203030303030206e200a30303030303030353432203030303030206e200a30303030303030353630203030303030206e200a30303030303031333735203030303030206e200a30303030303031333935203030303030206e200a30303030303031353933203030303030206e200a30303030303031363132203030303030206e200a30303030303032343238203030303030206e200a30303030303032343438203030303030206e200a30303030303032363436203030303030206e200a30303030303032363635203030303030206e200a30303030303033343831203030303030206e200a30303030303033353031203030303030206e200a30303030303033363939203030303030206e200a30303030303033373138203030303030206e200a30303030303034353334203030303030206e200a30303030303034353534203030303030206e200a30303030303034393035203030303030206e200a30303030303034393235203030303030206e200a30303030303035373530203030303030206e200a30303030303035373730203030303030206e200a30303030303036313230203030303030206e200a30303030303036313430203030303030206e200a30303030303036393635203030303030206e200a30303030303036393835203030303030206e200a30303030303037333435203030303030206e200a30303030303037333635203030303030206e200a30303030303038313930203030303030206e200a30303030303038323130203030303030206e200a30303030303038353637203030303030206e200a30303030303038353837203030303030206e200a30303030303039343132203030303030206e200a30303030303039343332203030303030206e200a30303030303238303433203030303030206e200a30303030303437383131203030303030206e200a30303030303337383239203030303030206e200a30303030303238353138203030303030206e200a30303030303239393936203030303030206e200a30303030303238313836203030303030206e200a30303030303238343938203030303030206e200a30303030303330303137203030303030206e200a30303030303330323637203030303030206e200a30303030303336383630203030303030206e200a30303030303337313937203030303030206e200a30303030303336383339203030303030206e200a30303030303337393635203030303030206e200a30303030303338323138203030303030206e200a30303030303436353835203030303030206e200a30303030303437303138203030303030206e200a30303030303436353634203030303030206e200a747261696c65720a3c3c0a2f53697a652035380a2f496e666f2031203020520a2f526f6f742032203020520a3e3e0a7374617274787265660a34383034380a2525454f460a, '2024-11-01 20:56:25', 57);

-- --------------------------------------------------------

--
-- Table structure for table `roles`
--

CREATE TABLE `roles` (
  `role_id` int(11) NOT NULL,
  `role_name` varchar(255) NOT NULL,
  `createdAt` datetime NOT NULL DEFAULT current_timestamp(),
  `updatedAt` datetime NOT NULL DEFAULT current_timestamp() ON UPDATE current_timestamp()
) ENGINE=InnoDB DEFAULT CHARSET=latin1 COLLATE=latin1_swedish_ci;

--
-- Dumping data for table `roles`
--

INSERT INTO `roles` (`role_id`, `role_name`, `createdAt`, `updatedAt`) VALUES
(1, 'patient', '2024-06-02 12:19:18', '2024-06-02 12:19:18'),
(2, 'admin', '2024-06-02 12:19:18', '2024-06-02 12:19:18'),
(3, 'doctor', '2024-06-02 12:19:18', '2024-06-02 12:19:18');

-- --------------------------------------------------------

--
-- Table structure for table `room`
--

CREATE TABLE `room` (
  `Room_ID` int(11) NOT NULL,
  `Room_type` varchar(20) NOT NULL,
  `Patient_ID` int(11) DEFAULT NULL,
  `Room_cost` decimal(10,2) DEFAULT NULL
) ENGINE=InnoDB DEFAULT CHARSET=utf8mb4 COLLATE=utf8mb4_general_ci;

--
-- Dumping data for table `room`
--

INSERT INTO `room` (`Room_ID`, `Room_type`, `Patient_ID`, `Room_cost`) VALUES
(75, 'VIP', 57, 200.00);

-- --------------------------------------------------------

--
-- Table structure for table `staff`
--

CREATE TABLE `staff` (
  `Emp_ID` int(11) NOT NULL,
  `Emp_Fname` varchar(50) NOT NULL,
  `Emp_Lname` varchar(50) NOT NULL,
  `Joining_Date` date NOT NULL,
  `Emp_type` varchar(50) NOT NULL,
  `Email` varchar(100) DEFAULT NULL,
  `Address` varchar(255) DEFAULT NULL,
  `Dept_ID` int(11) DEFAULT NULL,
  `DOB` date DEFAULT NULL,
  `Qualifications` varchar(50) DEFAULT NULL,
  `Specialization` varchar(50) DEFAULT NULL,
  `user_id` int(11) DEFAULT NULL
) ENGINE=InnoDB DEFAULT CHARSET=utf8mb4 COLLATE=utf8mb4_general_ci;

--
-- Dumping data for table `staff`
--

INSERT INTO `staff` (`Emp_ID`, `Emp_Fname`, `Emp_Lname`, `Joining_Date`, `Emp_type`, `Email`, `Address`, `Dept_ID`, `DOB`, `Qualifications`, `Specialization`, `user_id`) VALUES
(131, 'John', 'Doe', '2024-11-01', 'Doctor', 'John.derm@gmail.com', 'Dardania', 38, '2024-11-15', 'Bachelor\'s Degree', 'Neurology', 104);

-- --------------------------------------------------------

--
-- Table structure for table `userrole`
--

CREATE TABLE `userrole` (
  `UserRole_Id` int(11) NOT NULL,
  `user_id` int(11) NOT NULL,
  `role_id` int(11) NOT NULL,
  `createdAt` timestamp NULL DEFAULT current_timestamp(),
  `updatedAt` timestamp NULL DEFAULT current_timestamp() ON UPDATE current_timestamp()
) ENGINE=InnoDB DEFAULT CHARSET=latin1 COLLATE=latin1_swedish_ci;

--
-- Dumping data for table `userrole`
--

INSERT INTO `userrole` (`UserRole_Id`, `user_id`, `role_id`, `createdAt`, `updatedAt`) VALUES
(8, 8, 2, '2024-09-10 13:06:39', '2024-09-28 20:39:41'),
(95, 97, 1, '2024-10-23 10:17:30', '2024-10-23 10:17:30'),
(98, 100, 1, '2024-10-23 10:37:17', '2024-10-23 10:37:17'),
(99, 101, 1, '2024-10-31 13:27:09', '2024-10-31 13:27:09'),
(102, 104, 3, '2024-11-01 20:58:37', '2024-11-01 20:58:37'),
(103, 105, 3, '2024-11-01 22:13:22', '2024-11-01 22:13:22');

-- --------------------------------------------------------

--
-- Table structure for table `users`
--

CREATE TABLE `users` (
  `user_id` int(11) NOT NULL,
  `email` varchar(100) NOT NULL,
  `username` varchar(50) NOT NULL,
  `password` varchar(100) NOT NULL
) ENGINE=InnoDB DEFAULT CHARSET=utf8mb4 COLLATE=utf8mb4_general_ci;

--
-- Dumping data for table `users`
--

INSERT INTO `users` (`user_id`, `email`, `username`, `password`) VALUES
(8, 'lg69462@ubt-uni.net', 'Admini', '$2b$10$.H9Y2aolRMZ0pQz2bLCnTuZHZapkrqENp.SZHkUxS9taHPFawL9tG'),
(97, 'Lir@gmail.com', 'Lir', '$2b$10$m4jTlE/Sv/I05OSrumMz/.mV6vk.Otf2gUq5N3q.HiZzbaMiyoGGG'),
(100, 'Lind@gmail.com', 'Lind', '$2b$10$yjiETI9ZSCRq/QG2NJpGy.cBhmahmpedx7RAX9HHiAWDRBHQf/wce'),
(101, 'rina@gmail.com', 'Rina', '$2b$10$VdjI.DpjqgjMghvoG4Bu4eJIfsem5dN7X/1MOg9VPGSN5hudJ25Ue'),
(104, 'John.derm@gmail.com', 'John', '$2b$10$iyyuobMYA/onqoOACTkZzuo8h4Ny.ngtxIIGeObHNOagMZbxckoni'),
(105, 'aasasas@gmail.com', 'test', '$2b$10$UDhdGYzrIl3kRvXnkcbsY.lSIYXXN7NCUQPSRTWWvGP2o9GehRwfi');

-- --------------------------------------------------------

--
-- Table structure for table `visits`
--

CREATE TABLE `visits` (
  `Visit_ID` int(11) NOT NULL,
  `Patient_ID` int(11) DEFAULT NULL,
  `Doctor_ID` int(11) DEFAULT NULL,
  `date_of_visit` date DEFAULT NULL,
  `condition` varchar(255) DEFAULT NULL,
  `Time` time NOT NULL,
  `therapy` varchar(255) DEFAULT NULL
) ENGINE=InnoDB DEFAULT CHARSET=latin1 COLLATE=latin1_swedish_ci;

--
-- Indexes for dumped tables
--

--
-- Indexes for table `bill`
--
ALTER TABLE `bill`
  ADD PRIMARY KEY (`Bill_ID`),
  ADD KEY `Patient_ID` (`Patient_ID`);

--
-- Indexes for table `department`
--
ALTER TABLE `department`
  ADD PRIMARY KEY (`Dept_ID`);

--
-- Indexes for table `doctor`
--
ALTER TABLE `doctor`
  ADD PRIMARY KEY (`Doctor_ID`),
  ADD KEY `Emp_ID` (`Emp_ID`);

--
-- Indexes for table `emergency_contact`
--
ALTER TABLE `emergency_contact`
  ADD PRIMARY KEY (`Contact_ID`),
  ADD KEY `Patient_ID` (`Patient_ID`);

--
-- Indexes for table `insurance`
--
ALTER TABLE `insurance`
  ADD PRIMARY KEY (`Policy_Number`),
  ADD KEY `Patient_ID` (`Patient_ID`);

--
-- Indexes for table `medical_history`
--
ALTER TABLE `medical_history`
  ADD PRIMARY KEY (`Record_ID`),
  ADD KEY `Patient_ID` (`Patient_ID`);

--
-- Indexes for table `medicine`
--
ALTER TABLE `medicine`
  ADD PRIMARY KEY (`Medicine_ID`),
  ADD KEY `medicine_ibfk_1` (`Patient_ID`);

--
-- Indexes for table `patient`
--
ALTER TABLE `patient`
  ADD PRIMARY KEY (`Patient_ID`),
  ADD KEY `user_id` (`user_id`);

--
-- Indexes for table `payroll`
--
ALTER TABLE `payroll`
  ADD PRIMARY KEY (`Account_no`),
  ADD KEY `Emp_ID` (`Emp_ID`);

--
-- Indexes for table `rating`
--
ALTER TABLE `rating`
  ADD PRIMARY KEY (`Rating_ID`),
  ADD KEY `Emp_ID` (`Emp_ID`);

--
-- Indexes for table `reports`
--
ALTER TABLE `reports`
  ADD PRIMARY KEY (`Report_ID`),
  ADD KEY `reports_ibfk_1` (`Patient_ID`);

--
-- Indexes for table `roles`
--
ALTER TABLE `roles`
  ADD PRIMARY KEY (`role_id`);

--
-- Indexes for table `room`
--
ALTER TABLE `room`
  ADD PRIMARY KEY (`Room_ID`),
  ADD KEY `Patient_ID` (`Patient_ID`);

--
-- Indexes for table `staff`
--
ALTER TABLE `staff`
  ADD PRIMARY KEY (`Emp_ID`),
  ADD KEY `Dept_ID` (`Dept_ID`),
  ADD KEY `user_id` (`user_id`);

--
-- Indexes for table `userrole`
--
ALTER TABLE `userrole`
  ADD PRIMARY KEY (`UserRole_Id`),
  ADD KEY `user_id` (`user_id`),
  ADD KEY `role_id` (`role_id`);

--
-- Indexes for table `users`
--
ALTER TABLE `users`
  ADD PRIMARY KEY (`user_id`),
  ADD UNIQUE KEY `email` (`email`),
  ADD UNIQUE KEY `username` (`username`);

--
-- Indexes for table `visits`
--
ALTER TABLE `visits`
  ADD PRIMARY KEY (`Visit_ID`),
  ADD KEY `Patient_ID` (`Patient_ID`),
  ADD KEY `Doctor_ID` (`Doctor_ID`);

--
-- AUTO_INCREMENT for dumped tables
--

--
-- AUTO_INCREMENT for table `bill`
--
ALTER TABLE `bill`
  MODIFY `Bill_ID` int(11) NOT NULL AUTO_INCREMENT, AUTO_INCREMENT=116;

--
-- AUTO_INCREMENT for table `department`
--
ALTER TABLE `department`
  MODIFY `Dept_ID` int(11) NOT NULL AUTO_INCREMENT, AUTO_INCREMENT=45;

--
-- AUTO_INCREMENT for table `doctor`
--
ALTER TABLE `doctor`
  MODIFY `Doctor_ID` int(11) NOT NULL AUTO_INCREMENT, AUTO_INCREMENT=108;

--
-- AUTO_INCREMENT for table `emergency_contact`
--
ALTER TABLE `emergency_contact`
  MODIFY `Contact_ID` int(11) NOT NULL AUTO_INCREMENT, AUTO_INCREMENT=72;

--
-- AUTO_INCREMENT for table `insurance`
--
ALTER TABLE `insurance`
  MODIFY `Policy_Number` int(11) NOT NULL AUTO_INCREMENT, AUTO_INCREMENT=120;

--
-- AUTO_INCREMENT for table `medical_history`
--
ALTER TABLE `medical_history`
  MODIFY `Record_ID` int(11) NOT NULL AUTO_INCREMENT, AUTO_INCREMENT=28;

--
-- AUTO_INCREMENT for table `medicine`
--
ALTER TABLE `medicine`
  MODIFY `Medicine_ID` int(11) NOT NULL AUTO_INCREMENT, AUTO_INCREMENT=119;

--
-- AUTO_INCREMENT for table `patient`
--
ALTER TABLE `patient`
  MODIFY `Patient_ID` int(11) NOT NULL AUTO_INCREMENT, AUTO_INCREMENT=60;

--
-- AUTO_INCREMENT for table `payroll`
--
ALTER TABLE `payroll`
  MODIFY `Account_no` int(11) NOT NULL AUTO_INCREMENT, AUTO_INCREMENT=14;

--
-- AUTO_INCREMENT for table `rating`
--
ALTER TABLE `rating`
  MODIFY `Rating_ID` int(11) NOT NULL AUTO_INCREMENT, AUTO_INCREMENT=46;

--
-- AUTO_INCREMENT for table `reports`
--
ALTER TABLE `reports`
  MODIFY `Report_ID` int(11) NOT NULL AUTO_INCREMENT, AUTO_INCREMENT=170;

--
-- AUTO_INCREMENT for table `roles`
--
ALTER TABLE `roles`
  MODIFY `role_id` int(11) NOT NULL AUTO_INCREMENT, AUTO_INCREMENT=4;

--
-- AUTO_INCREMENT for table `room`
--
ALTER TABLE `room`
  MODIFY `Room_ID` int(11) NOT NULL AUTO_INCREMENT, AUTO_INCREMENT=78;

--
-- AUTO_INCREMENT for table `staff`
--
ALTER TABLE `staff`
  MODIFY `Emp_ID` int(11) NOT NULL AUTO_INCREMENT, AUTO_INCREMENT=133;

--
-- AUTO_INCREMENT for table `userrole`
--
ALTER TABLE `userrole`
  MODIFY `UserRole_Id` int(11) NOT NULL AUTO_INCREMENT, AUTO_INCREMENT=104;

--
-- AUTO_INCREMENT for table `users`
--
ALTER TABLE `users`
  MODIFY `user_id` int(11) NOT NULL AUTO_INCREMENT, AUTO_INCREMENT=106;

--
-- AUTO_INCREMENT for table `visits`
--
ALTER TABLE `visits`
  MODIFY `Visit_ID` int(11) NOT NULL AUTO_INCREMENT, AUTO_INCREMENT=147;

--
-- Constraints for dumped tables
--

--
-- Constraints for table `bill`
--
ALTER TABLE `bill`
  ADD CONSTRAINT `bill_ibfk_1` FOREIGN KEY (`Patient_ID`) REFERENCES `patient` (`Patient_ID`) ON DELETE CASCADE;

--
-- Constraints for table `doctor`
--
ALTER TABLE `doctor`
  ADD CONSTRAINT `doctor_ibfk_1` FOREIGN KEY (`Emp_ID`) REFERENCES `staff` (`Emp_ID`) ON DELETE CASCADE;

--
-- Constraints for table `emergency_contact`
--
ALTER TABLE `emergency_contact`
  ADD CONSTRAINT `emergency_contact_ibfk_1` FOREIGN KEY (`Patient_ID`) REFERENCES `patient` (`Patient_ID`) ON DELETE CASCADE;

--
-- Constraints for table `insurance`
--
ALTER TABLE `insurance`
  ADD CONSTRAINT `insurance_ibfk_1` FOREIGN KEY (`Patient_ID`) REFERENCES `patient` (`Patient_ID`) ON DELETE CASCADE;

--
-- Constraints for table `medical_history`
--
ALTER TABLE `medical_history`
  ADD CONSTRAINT `medical_history_ibfk_1` FOREIGN KEY (`Patient_ID`) REFERENCES `patient` (`Patient_ID`) ON DELETE CASCADE;

--
-- Constraints for table `medicine`
--
ALTER TABLE `medicine`
  ADD CONSTRAINT `medicine_ibfk_1` FOREIGN KEY (`Patient_ID`) REFERENCES `patient` (`Patient_ID`) ON DELETE CASCADE ON UPDATE CASCADE;

--
-- Constraints for table `patient`
--
ALTER TABLE `patient`
  ADD CONSTRAINT `patient_ibfk_1` FOREIGN KEY (`user_id`) REFERENCES `users` (`user_id`);

--
-- Constraints for table `payroll`
--
ALTER TABLE `payroll`
  ADD CONSTRAINT `payroll_ibfk_1` FOREIGN KEY (`Emp_ID`) REFERENCES `staff` (`Emp_ID`) ON DELETE CASCADE ON UPDATE CASCADE;

--
-- Constraints for table `rating`
--
ALTER TABLE `rating`
  ADD CONSTRAINT `fk_rating_staff` FOREIGN KEY (`Emp_ID`) REFERENCES `staff` (`Emp_ID`) ON DELETE CASCADE,
  ADD CONSTRAINT `rating_ibfk_2` FOREIGN KEY (`Emp_ID`) REFERENCES `staff` (`Emp_ID`) ON DELETE CASCADE;

--
-- Constraints for table `reports`
--
ALTER TABLE `reports`
  ADD CONSTRAINT `reports_ibfk_1` FOREIGN KEY (`Patient_ID`) REFERENCES `patient` (`Patient_ID`) ON DELETE CASCADE ON UPDATE CASCADE;

--
-- Constraints for table `room`
--
ALTER TABLE `room`
  ADD CONSTRAINT `room_ibfk_1` FOREIGN KEY (`Patient_ID`) REFERENCES `patient` (`Patient_ID`) ON DELETE CASCADE;

--
-- Constraints for table `staff`
--
ALTER TABLE `staff`
  ADD CONSTRAINT `staff_ibfk_1` FOREIGN KEY (`Dept_ID`) REFERENCES `department` (`Dept_ID`) ON DELETE CASCADE ON UPDATE CASCADE,
  ADD CONSTRAINT `staff_ibfk_2` FOREIGN KEY (`user_id`) REFERENCES `users` (`user_id`) ON DELETE CASCADE ON UPDATE CASCADE;

--
-- Constraints for table `userrole`
--
ALTER TABLE `userrole`
  ADD CONSTRAINT `userrole_ibfk_1` FOREIGN KEY (`user_id`) REFERENCES `users` (`user_id`) ON DELETE CASCADE,
  ADD CONSTRAINT `userrole_ibfk_2` FOREIGN KEY (`role_id`) REFERENCES `roles` (`role_id`) ON DELETE CASCADE;

--
-- Constraints for table `visits`
--
ALTER TABLE `visits`
  ADD CONSTRAINT `visits_ibfk_1` FOREIGN KEY (`Patient_ID`) REFERENCES `patient` (`Patient_ID`) ON DELETE CASCADE,
  ADD CONSTRAINT `visits_ibfk_2` FOREIGN KEY (`Doctor_ID`) REFERENCES `doctor` (`Doctor_ID`) ON DELETE CASCADE;
COMMIT;

/*!40101 SET CHARACTER_SET_CLIENT=@OLD_CHARACTER_SET_CLIENT */;
/*!40101 SET CHARACTER_SET_RESULTS=@OLD_CHARACTER_SET_RESULTS */;
/*!40101 SET COLLATION_CONNECTION=@OLD_COLLATION_CONNECTION */;
