-- phpMyAdmin SQL Dump
-- version 5.2.1
-- https://www.phpmyadmin.net/
--
-- Host: 127.0.0.1
-- Generation Time: Nov 03, 2024 at 12:50 PM
-- Server version: 10.4.32-MariaDB
-- PHP Version: 8.2.12

SET SQL_MODE = "NO_AUTO_VALUE_ON_ZERO";
START TRANSACTION;
SET time_zone = "+00:00";


/*!40101 SET @OLD_CHARACTER_SET_CLIENT=@@CHARACTER_SET_CLIENT */;
/*!40101 SET @OLD_CHARACTER_SET_RESULTS=@@CHARACTER_SET_RESULTS */;
/*!40101 SET @OLD_COLLATION_CONNECTION=@@COLLATION_CONNECTION */;
/*!40101 SET NAMES utf8mb4 */;

--
-- Database: `hms`
--

-- --------------------------------------------------------

--
-- Table structure for table `bill`
--

CREATE TABLE `bill` (
  `Bill_ID` int(11) NOT NULL,
  `Date_Issued` date DEFAULT NULL,
  `Description` varchar(255) DEFAULT NULL,
  `Amount` decimal(10,2) DEFAULT NULL,
  `Payment_Status` varchar(20) DEFAULT NULL,
  `Patient_ID` int(11) DEFAULT NULL
) ENGINE=InnoDB DEFAULT CHARSET=latin1 COLLATE=latin1_swedish_ci;

--
-- Dumping data for table `bill`
--

INSERT INTO `bill` (`Bill_ID`, `Date_Issued`, `Description`, `Amount`, `Payment_Status`, `Patient_ID`) VALUES
(128, '2024-11-03', 'Pagesa per Kontroll', 250.00, 'Pending', 63);

-- --------------------------------------------------------

--
-- Table structure for table `department`
--

CREATE TABLE `department` (
  `Dept_ID` int(11) NOT NULL,
  `Dept_head` varchar(100) DEFAULT NULL,
  `Dept_name` varchar(100) NOT NULL,
  `Emp_Count` int(11) DEFAULT NULL
) ENGINE=InnoDB DEFAULT CHARSET=utf8mb4 COLLATE=utf8mb4_general_ci;

--
-- Dumping data for table `department`
--

INSERT INTO `department` (`Dept_ID`, `Dept_head`, `Dept_name`, `Emp_Count`) VALUES
(38, 'Laptopi', 'Pediatrics', 8),
(45, 'Maus', 'Dermatology', 11),
(46, 'Maus', 'Neurology', 12);

-- --------------------------------------------------------

--
-- Table structure for table `doctor`
--

CREATE TABLE `doctor` (
  `Doctor_ID` int(11) NOT NULL,
  `Qualifications` varchar(255) NOT NULL,
  `Emp_ID` int(11) NOT NULL,
  `Specialization` varchar(100) DEFAULT NULL
) ENGINE=InnoDB DEFAULT CHARSET=utf8mb4 COLLATE=utf8mb4_general_ci;

--
-- Dumping data for table `doctor`
--

INSERT INTO `doctor` (`Doctor_ID`, `Qualifications`, `Emp_ID`, `Specialization`) VALUES
(106, 'Bachelor\'s Degree', 131, 'Neurology'),
(110, 'Master\'s Degree', 135, 'Dermatology');

-- --------------------------------------------------------

--
-- Table structure for table `emergency_contact`
--

CREATE TABLE `emergency_contact` (
  `Contact_ID` int(11) NOT NULL,
  `Contact_Name` varchar(100) NOT NULL,
  `Phone` varchar(20) NOT NULL,
  `Relation` varchar(50) NOT NULL,
  `Patient_ID` int(11) NOT NULL
) ENGINE=InnoDB DEFAULT CHARSET=utf8mb4 COLLATE=utf8mb4_general_ci;

--
-- Dumping data for table `emergency_contact`
--

INSERT INTO `emergency_contact` (`Contact_ID`, `Contact_Name`, `Phone`, `Relation`, `Patient_ID`) VALUES
(73, 'Lindi', '989898922', 'Sister', 62),
(74, 'Dhurata', '212121212', 'Father', 63);

-- --------------------------------------------------------

--
-- Table structure for table `insurance`
--

CREATE TABLE `insurance` (
  `Policy_Number` int(11) NOT NULL,
  `Patient_ID` int(11) NOT NULL,
  `Ins_Code` varchar(10) NOT NULL,
  `End_Date` date NOT NULL,
  `Provider` varchar(100) NOT NULL,
  `Dental` varchar(100) NOT NULL
) ENGINE=InnoDB DEFAULT CHARSET=utf8mb4 COLLATE=utf8mb4_general_ci;

--
-- Dumping data for table `insurance`
--

INSERT INTO `insurance` (`Policy_Number`, `Patient_ID`, `Ins_Code`, `End_Date`, `Provider`, `Dental`) VALUES
(121, 62, '1234567', '2024-11-22', 'Yes', 'No'),
(122, 63, '1234560', '2024-11-22', 'No', 'No');

-- --------------------------------------------------------

--
-- Table structure for table `medical_history`
--

CREATE TABLE `medical_history` (
  `Record_ID` int(11) NOT NULL,
  `Patient_ID` int(11) NOT NULL,
  `Allergies` varchar(255) DEFAULT NULL,
  `Pre_Conditions` varchar(255) DEFAULT NULL
) ENGINE=InnoDB DEFAULT CHARSET=utf8mb4 COLLATE=utf8mb4_general_ci;

--
-- Dumping data for table `medical_history`
--

INSERT INTO `medical_history` (`Record_ID`, `Patient_ID`, `Allergies`, `Pre_Conditions`) VALUES
(29, 62, 'Yes', 'Yes'),
(30, 63, 'Yes', 'No');

-- --------------------------------------------------------

--
-- Table structure for table `medicine`
--

CREATE TABLE `medicine` (
  `Medicine_ID` int(11) NOT NULL,
  `M_name` varchar(100) NOT NULL,
  `M_Quantity` int(11) NOT NULL,
  `M_Cost` decimal(10,2) NOT NULL,
  `Patient_ID` int(11) DEFAULT NULL
) ENGINE=InnoDB DEFAULT CHARSET=utf8mb4 COLLATE=utf8mb4_general_ci;

--
-- Dumping data for table `medicine`
--

INSERT INTO `medicine` (`Medicine_ID`, `M_name`, `M_Quantity`, `M_Cost`, `Patient_ID`) VALUES
(130, 'Amoxicillin', 4, 40.00, 63);

-- --------------------------------------------------------

--
-- Table structure for table `patient`
--

CREATE TABLE `patient` (
  `Patient_ID` int(11) NOT NULL,
  `Personal_Number` int(11) NOT NULL,
  `Patient_Fname` varchar(50) NOT NULL,
  `Patient_Lname` varchar(50) NOT NULL,
  `Birth_Date` date DEFAULT NULL,
  `Gender` varchar(10) DEFAULT NULL,
  `Blood_type` varchar(10) DEFAULT NULL,
  `Email` varchar(100) DEFAULT NULL,
  `Phone` varchar(20) DEFAULT NULL,
  `user_id` int(11) DEFAULT NULL
) ENGINE=InnoDB DEFAULT CHARSET=utf8mb4 COLLATE=utf8mb4_general_ci;

--
-- Dumping data for table `patient`
--

INSERT INTO `patient` (`Patient_ID`, `Personal_Number`, `Patient_Fname`, `Patient_Lname`, `Birth_Date`, `Gender`, `Blood_type`, `Email`, `Phone`, `user_id`) VALUES
(62, 1172711835, 'Rina', 'Rushiti', '2003-11-21', 'Female', 'A-', 'Rina@gmail.com', '049438421', 108),
(63, 1212121212, 'Lir', 'Geci', '2024-11-22', 'Male', 'O-', 'lir@gmail.com', '049438428', 109);

-- --------------------------------------------------------

--
-- Table structure for table `payroll`
--

CREATE TABLE `payroll` (
  `Account_no` int(11) NOT NULL,
  `Salary` decimal(10,2) NOT NULL,
  `Emp_ID` int(11) NOT NULL
) ENGINE=InnoDB DEFAULT CHARSET=utf8mb4 COLLATE=utf8mb4_general_ci;

--
-- Dumping data for table `payroll`
--

INSERT INTO `payroll` (`Account_no`, `Salary`, `Emp_ID`) VALUES
(140, 2000.00, 131);

-- --------------------------------------------------------

--
-- Table structure for table `rating`
--

CREATE TABLE `rating` (
  `Rating_ID` int(11) NOT NULL,
  `Emp_ID` int(11) NOT NULL,
  `Rating` tinyint(4) NOT NULL,
  `Comments` text DEFAULT NULL,
  `Date` date NOT NULL
) ENGINE=InnoDB DEFAULT CHARSET=utf8mb4 COLLATE=utf8mb4_general_ci;

--
-- Dumping data for table `rating`
--

INSERT INTO `rating` (`Rating_ID`, `Emp_ID`, `Rating`, `Comments`, `Date`) VALUES
(44, 131, 5, 'Mire', '2024-11-01');

-- --------------------------------------------------------

--
-- Table structure for table `reports`
--

CREATE TABLE `reports` (
  `Report_ID` int(11) NOT NULL,
  `personal_number` int(11) NOT NULL,
  `report` longblob NOT NULL,
  `created_at` timestamp NULL DEFAULT current_timestamp(),
  `Patient_ID` int(11) NOT NULL
) ENGINE=InnoDB DEFAULT CHARSET=latin1 COLLATE=latin1_swedish_ci;

--
-- Dumping data for table `reports`
--

INSERT INTO `reports` (`Report_ID`, `personal_number`, `report`, `created_at`, `Patient_ID`) VALUES
(184, 1212121212, 0x255044462d312e340a312030206f626a0a3c3c0a2f5469746c652028feff290a2f43726561746f722028feff290a2f50726f64756365722028feff0051007400200035002e0035002e0031290a2f4372656174696f6e446174652028443a3230323431313033313134323434290a3e3e0a656e646f626a0a322030206f626a0a3c3c0a2f54797065202f436174616c6f670a2f50616765732033203020520a3e3e0a656e646f626a0a342030206f626a0a3c3c0a2f54797065202f4578744753746174650a2f534120747275650a2f534d20302e30320a2f636120312e300a2f434120312e300a2f4149532066616c73650a2f534d61736b202f4e6f6e653e3e0a656e646f626a0a352030206f626a0a5b2f5061747465726e202f4465766963655247425d0a656e646f626a0a372030206f626a0a3c3c0a2f636120302e313439303139363037200a2f43412031200a3e3e0a656e646f626a0a382030206f626a0a3c3c0a2f54797065202f584f626a6563740a2f53756274797065202f496d6167650a2f576964746820310a2f4865696768742032300a2f42697473506572436f6d706f6e656e7420380a2f436f6c6f725370616365202f446576696365477261790a2f4c656e6774682039203020520a2f46696c746572202f466c6174654465636f64650a3e3e0a73747265616d0a789c636064646261e5e0e6131491909653505256555503000967017a656e6473747265616d0a656e646f626a0a392030206f626a0a32380a656e646f626a0a31302030206f626a0a3c3c0a2f54797065202f584f626a6563740a2f53756274797065202f496d6167650a2f576964746820310a2f4865696768742032300a2f42697473506572436f6d706f6e656e7420380a2f436f6c6f725370616365202f4465766963655247420a2f534d61736b2038203020520a2f4c656e677468203131203020520a2f46696c746572202f4443544465636f64650a3e3e0a73747265616d0affd8ffe000104a46494600010101006000600000ffdb0043000201010201010202020202020202030503030303030604040305070607070706070708090b0908080a0807070a0d0a0a0b0c0c0c0c07090e0f0d0c0e0b0c0c0cffdb004301020202030303060303060c0807080c0c0c0c0c0c0c0c0c0c0c0c0c0c0c0c0c0c0c0c0c0c0c0c0c0c0c0c0c0c0c0c0c0c0c0c0c0c0c0c0c0c0c0c0c0c0c0c0c0cffc00011080014000103012200021101031101ffc4001f0000010501010101010100000000000000000102030405060708090a0bffc400b5100002010303020403050504040000017d01020300041105122131410613516107227114328191a1082342b1c11552d1f02433627282090a161718191a25262728292a3435363738393a434445464748494a535455565758595a636465666768696a737475767778797a838485868788898a92939495969798999aa2a3a4a5a6a7a8a9aab2b3b4b5b6b7b8b9bac2c3c4c5c6c7c8c9cad2d3d4d5d6d7d8d9dae1e2e3e4e5e6e7e8e9eaf1f2f3f4f5f6f7f8f9faffc4001f0100030101010101010101010000000000000102030405060708090a0bffc400b51100020102040403040705040400010277000102031104052131061241510761711322328108144291a1b1c109233352f0156272d10a162434e125f11718191a262728292a35363738393a434445464748494a535455565758595a636465666768696a737475767778797a82838485868788898a92939495969798999aa2a3a4a5a6a7a8a9aab2b3b4b5b6b7b8b9bac2c3c4c5c6c7c8c9cad2d3d4d5d6d7d8d9dae2e3e4e5e6e7e8e9eaf2f3f4f5f6f7f8f9faffda000c03010002110311003f00fe7fe8a28a0028a28a00ffd9656e6473747265616d0a656e646f626a0a31312030206f626a0a3633350a656e646f626a0a31322030206f626a0a3c3c0a2f54797065202f584f626a6563740a2f53756274797065202f496d6167650a2f576964746820310a2f4865696768742032300a2f42697473506572436f6d706f6e656e7420380a2f436f6c6f725370616365202f446576696365477261790a2f4c656e677468203133203020520a2f46696c746572202f466c6174654465636f64650a3e3e0a73747265616d0a789c5353555556529093961011e4e3e6606561626464000015ae017a656e6473747265616d0a656e646f626a0a31332030206f626a0a32380a656e646f626a0a31342030206f626a0a3c3c0a2f54797065202f584f626a6563740a2f53756274797065202f496d6167650a2f576964746820310a2f4865696768742032300a2f42697473506572436f6d706f6e656e7420380a2f436f6c6f725370616365202f4465766963655247420a2f534d61736b203132203020520a2f4c656e677468203135203020520a2f46696c746572202f4443544465636f64650a3e3e0a73747265616d0affd8ffe000104a46494600010101006000600000ffdb0043000201010201010202020202020202030503030303030604040305070607070706070708090b0908080a0807070a0d0a0a0b0c0c0c0c07090e0f0d0c0e0b0c0c0cffdb004301020202030303060303060c0807080c0c0c0c0c0c0c0c0c0c0c0c0c0c0c0c0c0c0c0c0c0c0c0c0c0c0c0c0c0c0c0c0c0c0c0c0c0c0c0c0c0c0c0c0c0c0c0c0c0cffc00011080014000103012200021101031101ffc4001f0000010501010101010100000000000000000102030405060708090a0bffc400b5100002010303020403050504040000017d01020300041105122131410613516107227114328191a1082342b1c11552d1f02433627282090a161718191a25262728292a3435363738393a434445464748494a535455565758595a636465666768696a737475767778797a838485868788898a92939495969798999aa2a3a4a5a6a7a8a9aab2b3b4b5b6b7b8b9bac2c3c4c5c6c7c8c9cad2d3d4d5d6d7d8d9dae1e2e3e4e5e6e7e8e9eaf1f2f3f4f5f6f7f8f9faffc4001f0100030101010101010101010000000000000102030405060708090a0bffc400b51100020102040403040705040400010277000102031104052131061241510761711322328108144291a1b1c109233352f0156272d10a162434e125f11718191a262728292a35363738393a434445464748494a535455565758595a636465666768696a737475767778797a82838485868788898a92939495969798999aa2a3a4a5a6a7a8a9aab2b3b4b5b6b7b8b9bac2c3c4c5c6c7c8c9cad2d3d4d5d6d7d8d9dae2e3e4e5e6e7e8e9eaf2f3f4f5f6f7f8f9faffda000c03010002110311003f00fe7fe8a28a0028a28a00ffd9656e6473747265616d0a656e646f626a0a31352030206f626a0a3633350a656e646f626a0a31362030206f626a0a3c3c0a2f54797065202f584f626a6563740a2f53756274797065202f496d6167650a2f57696474682032300a2f48656967687420310a2f42697473506572436f6d706f6e656e7420380a2f436f6c6f725370616365202f446576696365477261790a2f4c656e677468203137203020520a2f46696c746572202f466c6174654465636f64650a3e3e0a73747265616d0a789c636060646266e5e0e21314919096535052565555030009370177656e6473747265616d0a656e646f626a0a31372030206f626a0a32380a656e646f626a0a31382030206f626a0a3c3c0a2f54797065202f584f626a6563740a2f53756274797065202f496d6167650a2f57696474682032300a2f48656967687420310a2f42697473506572436f6d706f6e656e7420380a2f436f6c6f725370616365202f4465766963655247420a2f534d61736b203136203020520a2f4c656e677468203139203020520a2f46696c746572202f4443544465636f64650a3e3e0a73747265616d0affd8ffe000104a46494600010101006000600000ffdb0043000201010201010202020202020202030503030303030604040305070607070706070708090b0908080a0807070a0d0a0a0b0c0c0c0c07090e0f0d0c0e0b0c0c0cffdb004301020202030303060303060c0807080c0c0c0c0c0c0c0c0c0c0c0c0c0c0c0c0c0c0c0c0c0c0c0c0c0c0c0c0c0c0c0c0c0c0c0c0c0c0c0c0c0c0c0c0c0c0c0c0c0cffc00011080001001403012200021101031101ffc4001f0000010501010101010100000000000000000102030405060708090a0bffc400b5100002010303020403050504040000017d01020300041105122131410613516107227114328191a1082342b1c11552d1f02433627282090a161718191a25262728292a3435363738393a434445464748494a535455565758595a636465666768696a737475767778797a838485868788898a92939495969798999aa2a3a4a5a6a7a8a9aab2b3b4b5b6b7b8b9bac2c3c4c5c6c7c8c9cad2d3d4d5d6d7d8d9dae1e2e3e4e5e6e7e8e9eaf1f2f3f4f5f6f7f8f9faffc4001f0100030101010101010101010000000000000102030405060708090a0bffc400b51100020102040403040705040400010277000102031104052131061241510761711322328108144291a1b1c109233352f0156272d10a162434e125f11718191a262728292a35363738393a434445464748494a535455565758595a636465666768696a737475767778797a82838485868788898a92939495969798999aa2a3a4a5a6a7a8a9aab2b3b4b5b6b7b8b9bac2c3c4c5c6c7c8c9cad2d3d4d5d6d7d8d9dae2e3e4e5e6e7e8e9eaf2f3f4f5f6f7f8f9faffda000c03010002110311003f00fe7fe8a28a0028a28a00ffd9656e6473747265616d0a656e646f626a0a31392030206f626a0a3633350a656e646f626a0a32302030206f626a0a3c3c0a2f54797065202f584f626a6563740a2f53756274797065202f496d6167650a2f57696474682032300a2f48656967687420310a2f42697473506572436f6d706f6e656e7420380a2f436f6c6f725370616365202f446576696365477261790a2f4c656e677468203231203020520a2f46696c746572202f466c6174654465636f64650a3e3e0a73747265616d0a789c5353555556529093961011e4e3e26065666264600000159f0177656e6473747265616d0a656e646f626a0a32312030206f626a0a32380a656e646f626a0a32322030206f626a0a3c3c0a2f54797065202f584f626a6563740a2f53756274797065202f496d6167650a2f57696474682032300a2f48656967687420310a2f42697473506572436f6d706f6e656e7420380a2f436f6c6f725370616365202f4465766963655247420a2f534d61736b203230203020520a2f4c656e677468203233203020520a2f46696c746572202f4443544465636f64650a3e3e0a73747265616d0affd8ffe000104a46494600010101006000600000ffdb0043000201010201010202020202020202030503030303030604040305070607070706070708090b0908080a0807070a0d0a0a0b0c0c0c0c07090e0f0d0c0e0b0c0c0cffdb004301020202030303060303060c0807080c0c0c0c0c0c0c0c0c0c0c0c0c0c0c0c0c0c0c0c0c0c0c0c0c0c0c0c0c0c0c0c0c0c0c0c0c0c0c0c0c0c0c0c0c0c0c0c0c0cffc00011080001001403012200021101031101ffc4001f0000010501010101010100000000000000000102030405060708090a0bffc400b5100002010303020403050504040000017d01020300041105122131410613516107227114328191a1082342b1c11552d1f02433627282090a161718191a25262728292a3435363738393a434445464748494a535455565758595a636465666768696a737475767778797a838485868788898a92939495969798999aa2a3a4a5a6a7a8a9aab2b3b4b5b6b7b8b9bac2c3c4c5c6c7c8c9cad2d3d4d5d6d7d8d9dae1e2e3e4e5e6e7e8e9eaf1f2f3f4f5f6f7f8f9faffc4001f0100030101010101010101010000000000000102030405060708090a0bffc400b51100020102040403040705040400010277000102031104052131061241510761711322328108144291a1b1c109233352f0156272d10a162434e125f11718191a262728292a35363738393a434445464748494a535455565758595a636465666768696a737475767778797a82838485868788898a92939495969798999aa2a3a4a5a6a7a8a9aab2b3b4b5b6b7b8b9bac2c3c4c5c6c7c8c9cad2d3d4d5d6d7d8d9dae2e3e4e5e6e7e8e9eaf2f3f4f5f6f7f8f9faffda000c03010002110311003f00fe7fe8a28a0028a28a00ffd9656e6473747265616d0a656e646f626a0a32332030206f626a0a3633350a656e646f626a0a32342030206f626a0a3c3c0a2f54797065202f584f626a6563740a2f53756274797065202f496d6167650a2f57696474682032300a2f4865696768742032300a2f42697473506572436f6d706f6e656e7420380a2f436f6c6f725370616365202f446576696365477261790a2f4c656e677468203235203020520a2f46696c746572202f466c6174654465636f64650a3e3e0a73747265616d0a789c85cbdd164420148661638a4a2122241a3ff77f8bb313cb389af76c3febdb51f4bf17f4bc420f884337c5f13b842ef282103eba080427490a11122cf6022765be1fa22ce35c08919f861342332ef2a294527a8319ac320150d54aa97396122059abb6d5ba3b0ce19471a04677fd60ccf90ab3b26ebade8cd64ec152ca73a9746fec343b7718062baaa63376769f65398dc16bdb8f13d0badea6f46067a06d0b4698900a5e1dd0be5f967b9b827d01558e0e7b656e6473747265616d0a656e646f626a0a32352030206f626a0a3138300a656e646f626a0a32362030206f626a0a3c3c0a2f54797065202f584f626a6563740a2f53756274797065202f496d6167650a2f57696474682032300a2f4865696768742032300a2f42697473506572436f6d706f6e656e7420380a2f436f6c6f725370616365202f4465766963655247420a2f534d61736b203234203020520a2f4c656e677468203237203020520a2f46696c746572202f4443544465636f64650a3e3e0a73747265616d0affd8ffe000104a46494600010101006000600000ffdb0043000201010201010202020202020202030503030303030604040305070607070706070708090b0908080a0807070a0d0a0a0b0c0c0c0c07090e0f0d0c0e0b0c0c0cffdb004301020202030303060303060c0807080c0c0c0c0c0c0c0c0c0c0c0c0c0c0c0c0c0c0c0c0c0c0c0c0c0c0c0c0c0c0c0c0c0c0c0c0c0c0c0c0c0c0c0c0c0c0c0c0c0cffc00011080014001403012200021101031101ffc4001f0000010501010101010100000000000000000102030405060708090a0bffc400b5100002010303020403050504040000017d01020300041105122131410613516107227114328191a1082342b1c11552d1f02433627282090a161718191a25262728292a3435363738393a434445464748494a535455565758595a636465666768696a737475767778797a838485868788898a92939495969798999aa2a3a4a5a6a7a8a9aab2b3b4b5b6b7b8b9bac2c3c4c5c6c7c8c9cad2d3d4d5d6d7d8d9dae1e2e3e4e5e6e7e8e9eaf1f2f3f4f5f6f7f8f9faffc4001f0100030101010101010101010000000000000102030405060708090a0bffc400b51100020102040403040705040400010277000102031104052131061241510761711322328108144291a1b1c109233352f0156272d10a162434e125f11718191a262728292a35363738393a434445464748494a535455565758595a636465666768696a737475767778797a82838485868788898a92939495969798999aa2a3a4a5a6a7a8a9aab2b3b4b5b6b7b8b9bac2c3c4c5c6c7c8c9cad2d3d4d5d6d7d8d9dae2e3e4e5e6e7e8e9eaf2f3f4f5f6f7f8f9faffda000c03010002110311003f00fe7fe8a28a0028a28a0028a28a0028a28a00ffd9656e6473747265616d0a656e646f626a0a32372030206f626a0a3634330a656e646f626a0a32382030206f626a0a3c3c0a2f54797065202f584f626a6563740a2f53756274797065202f496d6167650a2f57696474682032300a2f4865696768742032300a2f42697473506572436f6d706f6e656e7420380a2f436f6c6f725370616365202f446576696365477261790a2f4c656e677468203239203020520a2f46696c746572202f466c6174654465636f64650a3e3e0a73747265616d0a789c6dcbeb16433010465155218904210411d4e5fd5fb1934b175dedf9b9e79b28faed01fd33df65b1ef8b93a7cfb337e44a92a0ce30cea034455603521b8183d5d85bc139672ca7e4864288aa2c38cb094e513029655303f31c967608d62bd575b21180380b43adc7a1572d20a3194a9ccdc64c7ae8dba68261785ed765367a5052148c64deb6edb52e46f76d5d822167fb0e384f4307cf34d871002e6654f2b2f3045ce1590a4ef1dd666bc5c7ded0b80e7b656e6473747265616d0a656e646f626a0a32392030206f626a0a3137390a656e646f626a0a33302030206f626a0a3c3c0a2f54797065202f584f626a6563740a2f53756274797065202f496d6167650a2f57696474682032300a2f4865696768742032300a2f42697473506572436f6d706f6e656e7420380a2f436f6c6f725370616365202f4465766963655247420a2f534d61736b203238203020520a2f4c656e677468203331203020520a2f46696c746572202f4443544465636f64650a3e3e0a73747265616d0affd8ffe000104a46494600010101006000600000ffdb0043000201010201010202020202020202030503030303030604040305070607070706070708090b0908080a0807070a0d0a0a0b0c0c0c0c07090e0f0d0c0e0b0c0c0cffdb004301020202030303060303060c0807080c0c0c0c0c0c0c0c0c0c0c0c0c0c0c0c0c0c0c0c0c0c0c0c0c0c0c0c0c0c0c0c0c0c0c0c0c0c0c0c0c0c0c0c0c0c0c0c0c0cffc00011080014001403012200021101031101ffc4001f0000010501010101010100000000000000000102030405060708090a0bffc400b5100002010303020403050504040000017d01020300041105122131410613516107227114328191a1082342b1c11552d1f02433627282090a161718191a25262728292a3435363738393a434445464748494a535455565758595a636465666768696a737475767778797a838485868788898a92939495969798999aa2a3a4a5a6a7a8a9aab2b3b4b5b6b7b8b9bac2c3c4c5c6c7c8c9cad2d3d4d5d6d7d8d9dae1e2e3e4e5e6e7e8e9eaf1f2f3f4f5f6f7f8f9faffc4001f0100030101010101010101010000000000000102030405060708090a0bffc400b51100020102040403040705040400010277000102031104052131061241510761711322328108144291a1b1c109233352f0156272d10a162434e125f11718191a262728292a35363738393a434445464748494a535455565758595a636465666768696a737475767778797a82838485868788898a92939495969798999aa2a3a4a5a6a7a8a9aab2b3b4b5b6b7b8b9bac2c3c4c5c6c7c8c9cad2d3d4d5d6d7d8d9dae2e3e4e5e6e7e8e9eaf2f3f4f5f6f7f8f9faffda000c03010002110311003f00fe7fe8a28a0028a28a0028a28a0028a28a00ffd9656e6473747265616d0a656e646f626a0a33312030206f626a0a3634330a656e646f626a0a33322030206f626a0a3c3c0a2f54797065202f584f626a6563740a2f53756274797065202f496d6167650a2f57696474682032300a2f4865696768742032300a2f42697473506572436f6d706f6e656e7420380a2f436f6c6f725370616365202f446576696365477261790a2f4c656e677468203333203020520a2f46696c746572202f466c6174654465636f64650a3e3e0a73747265616d0a789c75cd491683201045d1c2d8a0824a44d1206a1af7bfc57cd07483bc59dd5305dbf6b8dfd6d90e5a55054f4e1123da82396ff2650fd0757117a31b5964bbdd41eb3c8d7dfbb11b68c16977ae457ed8ba2eb3b3a3c117b038d8ecdc64c7a1c369c9d3ddacbd8c83e95a550b3c17470c3618d3f71a84b5f01c4c6bdd9e5503cab3e3949402545294394f8f35aaa494429405b692f8b0c297f3ec8b88630478f1142c09c55e5e4418424176a2688fb10f117b47ef7ea7ff3d015bf60e7b656e6473747265616d0a656e646f626a0a33332030206f626a0a3138390a656e646f626a0a33342030206f626a0a3c3c0a2f54797065202f584f626a6563740a2f53756274797065202f496d6167650a2f57696474682032300a2f4865696768742032300a2f42697473506572436f6d706f6e656e7420380a2f436f6c6f725370616365202f4465766963655247420a2f534d61736b203332203020520a2f4c656e677468203335203020520a2f46696c746572202f4443544465636f64650a3e3e0a73747265616d0affd8ffe000104a46494600010101006000600000ffdb0043000201010201010202020202020202030503030303030604040305070607070706070708090b0908080a0807070a0d0a0a0b0c0c0c0c07090e0f0d0c0e0b0c0c0cffdb004301020202030303060303060c0807080c0c0c0c0c0c0c0c0c0c0c0c0c0c0c0c0c0c0c0c0c0c0c0c0c0c0c0c0c0c0c0c0c0c0c0c0c0c0c0c0c0c0c0c0c0c0c0c0c0cffc00011080014001403012200021101031101ffc4001f0000010501010101010100000000000000000102030405060708090a0bffc400b5100002010303020403050504040000017d01020300041105122131410613516107227114328191a1082342b1c11552d1f02433627282090a161718191a25262728292a3435363738393a434445464748494a535455565758595a636465666768696a737475767778797a838485868788898a92939495969798999aa2a3a4a5a6a7a8a9aab2b3b4b5b6b7b8b9bac2c3c4c5c6c7c8c9cad2d3d4d5d6d7d8d9dae1e2e3e4e5e6e7e8e9eaf1f2f3f4f5f6f7f8f9faffc4001f0100030101010101010101010000000000000102030405060708090a0bffc400b51100020102040403040705040400010277000102031104052131061241510761711322328108144291a1b1c109233352f0156272d10a162434e125f11718191a262728292a35363738393a434445464748494a535455565758595a636465666768696a737475767778797a82838485868788898a92939495969798999aa2a3a4a5a6a7a8a9aab2b3b4b5b6b7b8b9bac2c3c4c5c6c7c8c9cad2d3d4d5d6d7d8d9dae2e3e4e5e6e7e8e9eaf2f3f4f5f6f7f8f9faffda000c03010002110311003f00fe7fe8a28a0028a28a0028a28a0028a28a00ffd9656e6473747265616d0a656e646f626a0a33352030206f626a0a3634330a656e646f626a0a33362030206f626a0a3c3c0a2f54797065202f584f626a6563740a2f53756274797065202f496d6167650a2f57696474682032300a2f4865696768742032300a2f42697473506572436f6d706f6e656e7420380a2f436f6c6f725370616365202f446576696365477261790a2f4c656e677468203337203020520a2f46696c746572202f466c6174654465636f64650a3e3e0a73747265616d0a789c6dcdd11682201045d1b130514125513442cdeaff7fb10b91b65a9dc7cdcc40941c8e292f2aa5073b2debfdf17c5234e9cd7d5b56c8469b8b9b6fc0c76e6d3f5ea705788f968bfadc617906aec1180c9f98d1ba695e96b79d7889e56e18edd5b909961c180e8a5ab59d19c68bb5c170108340ddf7c60c1497b31cd8a873abb5a63878e279296405562a1a4b3159944248292bfac28ce785ef6d40af603c70faa0579686e88341438c76f41ca2ad648b7efa67be17e0bd0e7b656e6473747265616d0a656e646f626a0a33372030206f626a0a3138360a656e646f626a0a33382030206f626a0a3c3c0a2f54797065202f584f626a6563740a2f53756274797065202f496d6167650a2f57696474682032300a2f4865696768742032300a2f42697473506572436f6d706f6e656e7420380a2f436f6c6f725370616365202f4465766963655247420a2f534d61736b203336203020520a2f4c656e677468203339203020520a2f46696c746572202f4443544465636f64650a3e3e0a73747265616d0affd8ffe000104a46494600010101006000600000ffdb0043000201010201010202020202020202030503030303030604040305070607070706070708090b0908080a0807070a0d0a0a0b0c0c0c0c07090e0f0d0c0e0b0c0c0cffdb004301020202030303060303060c0807080c0c0c0c0c0c0c0c0c0c0c0c0c0c0c0c0c0c0c0c0c0c0c0c0c0c0c0c0c0c0c0c0c0c0c0c0c0c0c0c0c0c0c0c0c0c0c0c0c0cffc00011080014001403012200021101031101ffc4001f0000010501010101010100000000000000000102030405060708090a0bffc400b5100002010303020403050504040000017d01020300041105122131410613516107227114328191a1082342b1c11552d1f02433627282090a161718191a25262728292a3435363738393a434445464748494a535455565758595a636465666768696a737475767778797a838485868788898a92939495969798999aa2a3a4a5a6a7a8a9aab2b3b4b5b6b7b8b9bac2c3c4c5c6c7c8c9cad2d3d4d5d6d7d8d9dae1e2e3e4e5e6e7e8e9eaf1f2f3f4f5f6f7f8f9faffc4001f0100030101010101010101010000000000000102030405060708090a0bffc400b51100020102040403040705040400010277000102031104052131061241510761711322328108144291a1b1c109233352f0156272d10a162434e125f11718191a262728292a35363738393a434445464748494a535455565758595a636465666768696a737475767778797a82838485868788898a92939495969798999aa2a3a4a5a6a7a8a9aab2b3b4b5b6b7b8b9bac2c3c4c5c6c7c8c9cad2d3d4d5d6d7d8d9dae2e3e4e5e6e7e8e9eaf2f3f4f5f6f7f8f9faffda000c03010002110311003f00fe7fe8a28a0028a28a0028a28a0028a28a00ffd9656e6473747265616d0a656e646f626a0a33392030206f626a0a3634330a656e646f626a0a34302030206f626a0a3c3c0a2f54797065202f584f626a6563740a2f53756274797065202f496d6167650a2f5769647468203331320a2f486569676874203330370a2f42697473506572436f6d706f6e656e7420380a2f436f6c6f725370616365202f4465766963655247420a2f4c656e677468203431203020520a2f46696c746572202f4443544465636f64650a3e3e0a73747265616d0affd8ffe000104a46494600010101006000600000ffdb0043000201010201010202020202020202030503030303030604040305070607070706070708090b0908080a0807070a0d0a0a0b0c0c0c0c07090e0f0d0c0e0b0c0c0cffdb004301020202030303060303060c0807080c0c0c0c0c0c0c0c0c0c0c0c0c0c0c0c0c0c0c0c0c0c0c0c0c0c0c0c0c0c0c0c0c0c0c0c0c0c0c0c0c0c0c0c0c0c0c0c0c0cffc00011080133013803012200021101031101ffc4001f0000010501010101010100000000000000000102030405060708090a0bffc400b5100002010303020403050504040000017d01020300041105122131410613516107227114328191a1082342b1c11552d1f02433627282090a161718191a25262728292a3435363738393a434445464748494a535455565758595a636465666768696a737475767778797a838485868788898a92939495969798999aa2a3a4a5a6a7a8a9aab2b3b4b5b6b7b8b9bac2c3c4c5c6c7c8c9cad2d3d4d5d6d7d8d9dae1e2e3e4e5e6e7e8e9eaf1f2f3f4f5f6f7f8f9faffc4001f0100030101010101010101010000000000000102030405060708090a0bffc400b51100020102040403040705040400010277000102031104052131061241510761711322328108144291a1b1c109233352f0156272d10a162434e125f11718191a262728292a35363738393a434445464748494a535455565758595a636465666768696a737475767778797a82838485868788898a92939495969798999aa2a3a4a5a6a7a8a9aab2b3b4b5b6b7b8b9bac2c3c4c5c6c7c8c9cad2d3d4d5d6d7d8d9dae2e3e4e5e6e7e8e9eaf2f3f4f5f6f7f8f9faffda000c03010002110311003f00fdfca28a2800a28a2800a28a2800a28a2800a28a2800a28a2800a28a2800a28a2800a28a2800a28a2800a28a2800a28a2800a28a2800a28a2800a28a2800a28a2800a28a2800a28a2800a28a2800a28a2800a28a2800a28a2800a28a2800a28a2800a28a2800a28a2800a2b37c5be31d23c03e1eb9d5f5dd534ed174ab25df71797d7296f6f02fab3b90aa3ea6aa7c34f899a17c61f04d9788fc35a8c5ab689a96f36b771a32a4e11d90b2ee0095dca707186182090412aeaf6ea67ed61cfecb99735af6babdbbdb7b79d8dda09c0af21fdbbfe20f89fe117eca9e2bf177842e5adb57f0a4706b0e0431cc27b482e2392ee221d4801ad9661918233904119ad7f1f7ed7ff0b7e166996d75e22f1ff853485bd8926b786e3518c5cdc2b80ca52107cc7c820e1549e6a1d58a6d3d0e5a998d0a75654aac94795295db4959b6b76d6cd59faa3bfd2f55b5d734f8aeecae6def2d671ba39a090491c83d430c823e9562be62ff00825378eb4cd73e02788fc31a44d34ba6780bc5faae93a699eda5b595f4f92737966e629555d4182e914654709c71cd7d3b4529f3c14bb865b8d58bc2d3c4afb4afa6aafaa6afd754ff0000a28a2b43b82b2bc6de3bd13e1af866eb5af116afa6685a4592eeb8bdd42e52dade11eacee428fceb56be68bdf0ad87ed21ff000510d7f4df155bc5a9681f07fc3fa5de68da3dd0125acda8ea0f745f5068cf0ef1476eb1216042177230c7359d49b8a496ef43871f8a9d18c23492739c9455f6bb4ddddb5b249bb2d5e896f75e97f097f6cdf851f1db5f3a4f843e2178535ed570596cadb508cdcc8a064b2464867500672a08f7af4caf3afda57f674f0cfed11f0caf34ad72dadedaead6269f4ad623022bcd06e506e8aeade618689e3601b2a464020e4120e7fec39f17355f8f1fb217c3bf17ebaa06b3aee876f3deb05da26976ed6940ec1ca9703fdaa5194b9b925ea6587c4d78e23eab89b36e3cc9c6e9349a4d34db69a6d7569a7d1a68f55a2b91f8f9f18b4dfd9f3e0af8a3c6dab7cd61e18d366bf9230db5ae191494894ff79df6a0f7615aff000ff5ebff0015780f44d5354d2db43d4f52b082eaef4e69bce6b095e356784bed5dc51895ced19c74157ccafcbd4ed55e9fb5f617f7ad7b795edf99af453219d2e1498dd1c2b15254e7041c11f5078a7d51b0514514005145140051451400514514005145140051451400514514005145140051451400514514005145725f1dfe25ddfc1af841aff8aacb40bff144da05a9bc6d32c9d52e2e62420c9e5eee0b2c7b982f56db81c9149b495d99d5ab1a709549ec936fae8b57b5d9d6d54f105a5ddfe837b069f78ba7dfcf6f2476d74d08985b4a548490a1203856c1da48ce319154be1ef8ff0048f8a9e06d23c49a05f43a968bae5a477b657311f96689d4329f5070790790720f22b628d1ad071946a439a2ee9add766b74d7ae8cf88bf6b8fd9763f8176be0df8cfe29d7fc43f156e3c05afc375e274f11f977365fd973836f3cd6d60882de06b769127531a6e0236dced8cd7db3693c5756b14b03c724122068de320a329190411c118aa5e2ef0a69fe3bf0a6a7a1ead6d1dee97ac5a4b63796f20cacf0c8851d0fb15623f1af3afd8bbc03e2ef849fb3fe97e0ff00193a5cdf784a69f47d3ef84eb2b6a5a6c32b2594ef8fbae6dc46194f39524f5ac614f926f9568ff35fe68f1f0982583c6c9518fb9515dbd5da71d356db7ef45a7ab7ac5ed73d07c73e10b3f885e09d6340d453ccd3f5cb19b4fb95fef452c6d1b8ff00be58d7ce7ff04a4f863e13f0f7ec99e18b8b4f08f86746f16e88d75e1fd76eed34c861bb9ef2c6e65b495e590287677f28392c493bebea1a4540830000324f03b9ab74d39a9f63b2ae5f09e2e18b695e31947549eed3567d2cd74dee791fc3ef83badf80ff006c8f88be29863b76f09f8f346d26695fcd1e6c7aa5a79f6ee3675dad6c6dfe6f58c0ed5eb7321962655768cb02032e32bee3391f98a7515518a8ab237c3e1a1462e10d9b94be727776f2bdfef679afec7fa4f8bb44fd9c3c316fe3ad4753d57c52b14af7973a8a225db869e46884a14050eb118d4e0755f5af4aa28a231e5491586a2a8d28d24dbe5495deadd95aedf70af1df8eff00b3b6bdaefc4dd33e23fc3bd734ff000f78fb4bb13a55c26a56ed71a5f882c0bf982d6e95087529212f1cb19dc859c6183115ec545138292b3271585a78887b3a9dd34d3b34d6cd35b35fe7ba6d3f9bfc71e00fda03f68af0f5c784bc472fc3ef86de17d56336bacea3e1dd52eb56d5ef2dd86258ad7cdb7823b7f31495f31bcc640c485ce0d7bef833c1fa6fc3df08695a068d691d8691a25a4561656d1fddb78624088833d82a81f8569d1530a6a2efbbf331c2e021466eab94a526ad793bbb2d6cb4492beba2d5eadbe9f39fedc96e7e277c56f823f0ba721745f18f89e4d63580df76eedb4980deadab0ee249c4048f48dabd7fe3d7c5fd3be007c17f1478d755e6c7c33a6cd7ee99c19d91494897fda77da83dd85677ed05fb3d697fb41f87b4e86eaff54d0b5af0fdeaea7a1eb9a5c8b1df68f74aac9e6465832b2b23323c6eac8eac411d08f399bf63df1b7c4ed7b468fe29fc545f1b785341be87528b42b0f0d45a3c7aa5cc2c1e07be759643322380fe522c68ccaa482005ace4a6a527157becfb69d7f33cdad0c651ad5e5469f34aa72f2caead1b47952926d3b45b72d13e6bdb46751fb0efc21d47e0dfecdda1daebff003f8b75e69bc43e24948c34ba9dec86e2e33fee349e58ff006635af5a9a64b685e491d638e352cccc70aa072493d853abe66fdb77e2237c5af88be1afd9d7c3fac47a6eb1f10a092fbc4d751dc2c771a6f87e23fbf58f27266b9c18500070a6562005cd5b6a94125e8bccebab529e5b828c60afca9462afaca4f48abf793d5bff0013e87d1fa26b765e25d22db50d3af2d750b0bd8d66b7b9b69565867461957475243291c820e0d5aaf94fe34fc2eb4ff8276f84e5f88ff0cee26d0fc1da4dddaffc247e0a3219349bfb79a78e079ed118936b76be6061e5909295c32127757d594e136db8c959a36c1e2e75252a35e3cb52366d2774d3bd9a7a3b3b3566934d6bd1b28a28ad0ef0a28a2800a28a2800a28a2800a28a2800a28a2800a28a2800a28a2800a28af25fdbaf42f12ebffb22f8f63f076abab68fe25b4d31afec6e34cb96b6bb76b7659cc31c8bca9956368b23fe7a54ce5cb172ec73e2abba34275945cb953765bbb26ecbcdd8f5aa2be3ed4be3d7c4afd98be0768ff1163f14e87f18be1a6af696b77630eb0174af14ba5caa9821825810c17d33060046628e473c6e279af6cf817fb5ff0086be38f88e6f0e8d3fc51e12f18da5b7db2e7c3be23d265b0be8a10554c8a48314a99603744ee391d3359c6bc5be57a3febe47061b3bc355a8a8cef09b49a52eb7d55a4af177e9669bfe53c8347f1de91ff04d2f8d1aaf86bc4b7a9a3fc18f1d3dceb7e17bd9158c1e1ed4b996f34ac283849be69e0400658cb1a8638af58f831f15fc7ff1b3c683593e154f067c36481c5aaeb913aebfadb9c6c9840182d9c2392165dd2bf1948ebd4756d02c35e36a6facad2f7ec53add5bf9f0ac9f6799721644c83b5c64e1872326add11a4e2ec9e9dbfae82c2e5b568cf92352d493bc62959abebcae5afba9df96292d1d9bb24828a28ad8f6028a28a0028a28a0028a28a0028a28a0028a28a0028a28a002bc2b4dff00827ff82f598fc6775e3443e33f1078d75c6d667d667436b7ba76cf92ce1b49636f32dc5b4584468dc3125dbf8c8af75a2a2508cbe2573971382a188b7b78295af6beab5567a6db75dd74b6e7c6ff00b23fecedac7ed2bf0e741d77e26fc4af19f8db4af0bf893528adbc377a2d63b2371a76a9736d6f25d491c2b35d15104720595c8dfc907a57d9154b42f0de9fe17b69a1d36c6d34f86e2e25ba923b68562492691cbc9210a002cee4b31ea4924e493576a6952508dba9cf95e5d0c1d1505acacb9a576db6b45ac9b7b6caf65ad9051452330452490001924f415a9e90b4514500145145001451450014514500145145001451450014515e0dfb60fc6ed42d7c53e15f843e11d5e1d0fc75f137ce58b5495d53fb134e8866eaea20d8f32e769d90c6b93bdb79c2c6d5139a8abb397198b861a93ab3f249756dbb24bcdb692fbde899ee9657f06a56fe6db4d15c4459937c6e1d72ac55864770c083e8411529018104020f515e3be1cf14f877f671f14f803e0a781f417be97ec6f71710433855d0b4c40dbafae5c8259e59c85507e6964791b3f2b1af561e21b06d7db4a17d667544b7176d67e72fda1612c504a533bb6160577631904678a232befb861f131a89a935ccaca56d94ac9b49bb5ed7ff00349e8be49fd83ff67bd3bc3df193c73a27892faf75bd43e0aebb2e9be0ed32ef69b3f0f6917a9f6bb59e14030d3ba4cf0999b2cab6fb17680c0fd85505be976d697b717315bc115cddedf3e548c2bcdb4617711cb607033d054f4a953508f2a30caf2e860a87b08777af95ddafbed1b47d22924968145145687a2145145001451450014515f16ffc14a7fe0af67fe09e7f17743f0a8f87a3c5ff00db3a3aeabf6afeddfb079399a58bcbd9f67973feab3bb23ef631c64e55ab429479e6ec8f3735cdb0996e1de2f1b2e582695ecdeaf6d126cfb4a8afca2ff889d9bfe888affe161ffdc547fc44ecdff44457ff000b0ffee2ae5fed3c37f37e0cf97ff8895c39ff00411ff924ff00f913f5768afca2ff00889d9bfe888aff00e161ff00dc55f47ffc1353fe0ae6ff00f050ef8a7aff0086ff00e15e8f08a687a57f699bafeddfb7f9c7ce8e311ecfb3c5b7ef939c9fbb8c739aba78fa13928465abf267665fc7791e37110c261abf34e6ec972c95deaf76add0fb3a8a28aec3eb828a28a0028a28a0028a28a00a1e28f14e9be08f0e5f6b1ac5fda697a569b0b5c5ddddd4ab1436f1a8cb3bb3600007735f25f877c5f73ff0562d4b5582c353b8d0be016877a6c2fa0b6b86b7d63c6f32aab98e6da44969625594ed3b65995813b55863e96f8c3f037c2ff1f741b0d2bc5da5a6b5a569fa843a9a594b2badbcf345931f9d1a90b320273e5c819090a483815c27c5efd9ab5c8fe250f885f0b35ad2fc27e3696d92c755b6d42d1ee347f135bc7fea92ee38d95d658b24473c677aa92843290073d68cdbfeef55d5ff005dbafe7e0e6d87c5569256e6a2be28a7ef4fbf65cab4bc2e9cd5d3924b9659ff00b34f8935cf83ff0015f51f829e27d46e35f5d2b491ae784b5bb87df75a869026103dbdd1fe2b8b691e24327fcb549636386dd9f78af16f809fb3d78b74af8bbaa7c4bf899e20d235cf1adf698343b1b4d16d64b6d2742b0f344cf14224669257964547791c8276228002d7b4d5d14d475f97a1d794c2ac70fcb5134aef954be250bfba9eaf55af56d2e54db698514515a9e98514514005145140051451400514514005715f1e3f67bf09fed27e077d03c5ba5a5fdaac82e2d674730dde9b70bca5c5bccb878a553c86523d0e4120f2ff001dbf6aa9ff00674f18c27c43e06f155c780a4b55926f1669308d461d366dcdbd6e6d62cdc4712a843e72aba92c4103193df7c34f8a7e1bf8cbe11b6d7bc29aee95e22d1aec7eeaf34fb959e263dd495270c3ba9c107820567cd093707f71c12c46131329e0e6d37d62d6ebbd9a575e6aebcd347c99e12bcf197fc135fc49e2b93c51e1cf137c60d37c6b749269fe33d363375ae5d5cac6b0d9e99a9464fc8321638a78f116e932caacec6bde3f659f819aa7c3db1d5bc59e339adf50f897e39912ef5fb984ee86c55411069d6c4f4b7b7525477763248797e3d6a8a8850517be8b6f2ff33970593430f34d4dca11bf245fd96ef777de4f569395da4dabbbdc28a28adcf6428a28a0028a28a0028a28a002bf173fe0e50ff93b9f047fd8a11ffe96dd57ed1d7e2e7fc1ca1ff2773e08ff00b1423ffd2dbaaf3736ff00767ea8fce7c55ff927a7fe387fe94cfceaa28a2be54fe5d0afd43ff8367bc273b7c42f8a1ae988fd9934eb4b0593b6f32b3b2fe4aa6bf2f2bf73bfe0825f0525f84dfb2e6a17573198eef5eb886eae14ae0ab946700fa111bc408f55ad709552c651a4b7937f728b6ff4fbcfbff0cb072ad9fd19ada1cd27ff0080b4bf33eeaa28a2bedcfea90a28a2800a28a2800a28a2800a28a28012491618d9dd9551465989c003d4d7cdbf123fe0a0b26b579ab69df057c17a97c62bff000f079357bfd3e75b7d16c446373c0b76d95b8ba2a3090c3bbe661b99706bb1fda2bf6464fda8bc4905b78a7c61e255f87c967e55cf84b4c97ec106a971b9b325cdc4644d247b4a01082abb93712d9c0f1efd97ff006d3f875fb2e784356f849e3ff15683e1bbff00851792e8569a8cb18b4b2d7ad225478a488aa88dae96296359e24cb89431c10e2b96ad492972b7cabbff005b7ccf9accf1f5e15950a935429cae9546e2db695ecafeec55b54e576ecd24aeaff52fc2df899a37c65f875a2f8abc3f76b7ba2ebf691deda4c060b238ce187f0b0e4329e558107915bd5e01ff0004ed86e6e7e17f8c3588b4cd4346f0b789fc67a9eb5e15b3bc81ada58f4c9da3612792c034492cff006999508042cca70335eff5b5293941499ec65b8996230b4eb4d6b25f2eaaeafad9daebc9a0a28a2b43b428a28a0028a28a002b9df8aff13b4df835f0ff0052f136b11ea72697a4a2c973f60b09afa7442eaa5c4512b3b2aeedcc403b55589e01ae8a8a4ef6d08a8a4e2d41d9f476bd9fa697f4b9f3e7c73fdafb48f1c7ecf7672fc23f13691e21f127c45be8fc33e1ab9b19c4c2d2ee75264b89141dc9f6681659d958023ca00819aaba77fc1337c11f0fb4fd16e3e1d6a7e21f865e27d16cedecdb5af0fdc2c6dabac4a1737d6eead6f765b04b348858939dd5adf197fe09ede06f891e3d8fc71e1efb6fc38f8936acd25bf8a3c37b2dae5dd8107ed111530dcab03861221257237015defc02d2be22685e15bbb2f891ab78675fd4ed6e8c765a9e8f69259fdbed822ed927858b2c7316de0ac6c5300118ce0732a6e53fdeabf66bfaba67cec30556be29ff0069d252d1284a3f0ab6adead4e1293ed7d124a5d1f743a514515d47d285145140051451400514514005145140057e2e7fc1ca1ff2773e08ff00b1423ffd2dbaafda3afc5cff0083943fe4ee7c11ff0062847ffa5b755e6e6dfeecfd51f9cf8abff24f4ffc70ff00d299f9d54515dafc0af80faefed01e348f48d1a12234c35dde3a9f26ca3cfde63ebd70bd58fe247c856ad4e8d3756abb456adb3f9869529d59aa74d5dbd91d7fec59fb3b4bf1cfe27c57179016f0e686eb717ecc3e49d81ca41efb88e7d141e848afdfefd8b7c2dff08cfc01d2dd93649aa4b2deb8c7f79b6a9fc5110fe35f027c08f81b61f0dfc3ba3783bc39013e64c902bb0fde5dcf210a64723ab31c7d0600c0000fd44f0d6830f85bc3b61a65b0c5be9f6f1db47c63e5450a3f415e5f0562a59a66b5b30b5a9d38f247fede776fd5a5f7591fd09e18e44b08ea5697c4959bf37d3e497e25da28a2bf553f600a28a2800a28a2800a28a2800a28a28011c1284290ac47048ce0d79dfece7fb3e59fc0cf835a4786af278bc41a94134ba96a7a9dc4037ea5a94f2bcd717441ce0b4b2391c92abb4678af45ae5be327c67f0f7c03f01dc7893c4f773d9e956d24709682d26bb9649246091c691c4acecccc428007522a64a2bde97439abc2845fd66b5972a7abd92766fcba2d7e4753457ce1ff000bbbe387ed0bfbbf87de01b7f867a04dc0f1178f949bf753c16834a85b7861d47da258c1eebdabd67e04fc2fd6fe15f84ae2d3c45e38d7bc7dabdf5d35e5cea3a9c305b8466555f2e08614558a11b3213e6c1663b8e6a635399e89dbbff5a9861b305889da9425c9fccd72af9295a4efdd452f3676d45145687a014514500145145001451450014514500145145001451450014514500145145001451589e24f893a0784037f696b1a7da3af58de61e67fdf03e63f95635f114a8c3da56928aeeda4bef6d1329c62af27636ebf173fe0e50ff93b9f047fd8a11ffe96dd57e9d78d3f6d6d0747478f46b3bbd5a61c2c8e3c887ebcfcc7e9b47d6be59f8e034ef8f9f166cfc6be22d1748b9d7b4cb35b0b198c1b859c2b23c80206270dba463bbef738ce381f9e71278819451a2e8d09fb59f68edf393d3eeb9f01c76a966596cb01466b99ca2efab4926dbff807e6afecdfff0004ff00f13fc647b7d4f5c49fc35e1c7c3f9b3262eaed7fe99467a023f8db8e720374afbb7e1afc28d07e0df84e2d1bc3d61158d94477363e69277c0cbbb1e598e3a9f60300003ad9aab346d34811159dd982a803249f415f8b66fc418bcca56a8ed1e915b7cfbbf5f9247e7580c8f0d808feed5e4f793dfe5d9792fc4f5dfd883e1c1f177c593abcc9bacfc3d1f9d9238699c158c7e1f337d5057d975c0fecd9f09ffe1517c2eb3b19902ea5787ed77c7b89580f93fe02a02fa6413debbeafe86e0ac95e599542954569cbde97abe9f2565eb73f6be1fcb9e0f0718497bd2d5fabe9f2565f78514566f893c61a5783ed3cfd5350b4b18cf4334814b7d0753f857d455ab0a50752a49452ddb692fbdd91ed3924aecd2a2bc8bc51fb61e81a63b47a5da5e6ace3a39fdc447f1605bff1dae2757fdaebc47a9122d2df4eb043d0ac66471f8b1c7fe3b5f1598788d90e11b8fb6e76bf91397e3a2fc59c92c7d14ec9dfd0fa4e8af932efe3778b35572d2eb97aa5ba88984407fdf005571e3fd7ae31e66b7abc9fef5e487fad7cb56f1930117fbbc3cdfab8aff32a38a8cb647d77457907ecabab5d6a926bc6e6e6e2e4a0b7dbe6c85f6e7cdce335ebf5fa3f0e6751cdb2fa798421c8a77d1bbdacdadd7a1d29dd5c28a28af6c614514500145782fed21e2df15fc4df8e7a07c1ef06ebd73e10fb76932f88fc4fafda2235f5969cb30822b7b4de195679e52e3cc20f9690b100b118c8d73f60ed47e1ce8d36b3f0bfe247c47d37c6d6686780ebfe24bad6b4bd6a55e7cabdb7b86652927dd2f16c74ddb94f1838baaeef9637b7f5a1e4d4ccab73cd61e8b9c60ecdf325aa49b514fe26aeafac55f44ee7d2345711fb377c6883f688f815e18f1a416afa79d7ac9669ecddb73595c29293c04f731caae99efb735dbd6b1926ae8f468d6855a71ab4dde3249af46ae828a28a66a14514500794fed35f1cb5ef87179e15f0b78274ad3759f1ef8eeea6b7d2a2d4a678b4fb28608fcdb9bcb96405cc512941b53e6779514119cd79dcdfb6178b3f65bf1cd8e8ff00b4149e05b0d23c436b3cda2f897c36b771db4b710ec2f652daca64944ccae1a3f2d9f7ed650b9e2b43f689d2fe24784ff6b3f0c78ffc2df0f1be22687a27856f747fb2dbebb6ba75d5a5c5d5d5bcb24a8b7042bfeeed635fbc3ef1f4af33f89dfb565eeaff00b4b7c31f11f8bbe0efc63f0a787fc0d6fabdc5f5c4fe196d5218ef278a082dca3d8b4e0a88dae4963820edc039ae2ab51a937769df4d1dadf77ea7c76639854a55a7375250929c6314e32f66e3eea72768352de4efce9ae556b6b7fa8fe087c5d9be35f862e759ff00845fc4de17b0fb5343609aeda8b4bbd4210887ed220c9789199982aca15cec24aa8233d9d637c3cf881a5fc54f04e9be21d1269ee34ad5a113db4935acb6b23212465a29556443c1e1941ad9aeb8ecb5b9f57866dd28b72e7d37b257f3b2d2ddbc828a28aa360a28a280382f8c3f18e6f8617d650c56315dfdae36725e42bb7040ec2b85bafdadf53507cbd22c54ff00b523b7f854ff00b59ffc87347ffae127fe842bc727ef5fce7c6bc699d60f3aaf84c2e21c6116ac928e9eec5ff2b7bb39ab4e4b63d22fbf6b7f11ba91159e9117bf952311f9be3f4ac1d57f69df18de2909a8c36c0ffcf2b68ff9b026b8b9bbd549ebe3aaf18e795749e2e7f295bf248f2abe22a7f3334fc43f143c45e234297bad6a53c67ac6676087fe02303f4ae5a739ab735549ebc7ad8aad5e5cf5e6e4fbb6dfe6d9e16265293bc9dca92d549aadcb5526a2278b5ca9357b8fec67f021fc4dafa78b35387fe25ba749fe828e38b89c7f1ffba87ff1ec7f748ae53f67ef80379f19bc44249964b7d0acdc7daee00c193a1f290f7623a9fe10727b03f68e93a4db683a65bd959c11db5adac6228a241854503000afd6bc3be10962aac734c5c7f771778a7f6a4baff853fbdf9267adc3f92bad5162ab2f756cbbbefe8bf17e858acef14f8b74df04e8f25feab790d95a45d5e43d4fa01d58fb0e6b03e32fc67d2fe0d7877ed7787cfbc9f2b6b66ad87b86fe8a3bb76f7240af8ffe23fc55d63e2c6bc6fb55b8dc109105ba64436ca7b28fe64f271c9afd078bb8e30d93af614973d77f67a47ce4ff0024b57e4b53e9b33ce69e17f771d67dbb7aff0091eb5f13ff006cdbed61e5b4f0cc274fb6e54ddcca1a77f755e5507d727e95e3f7dabdd6b97cf757b733dddcc9cbcb3485ddbea4f35990f5ab70d7f3ce75c418fcd2a7b4c6d472ecb68af48ad17e2fccf989632b6225cd5657fcbee2dc3d6adc1c62aa43d6adc1c62bc091e8502dc3daadc1daaa43daadc1dab091ecd03daff647fbfe20fa5bff00ed5af67af18fd91feff883e96fff00b56bd9ebfaafc34ff92730ff00f6ff00fe9723d586c1451457dd94145145007817ed21a6eb9f05be3e787be31e89a0ea9e2ad2a0d1e5f0c78af4cd2e1fb46a0964d32dc5bde5bc23994c328903c6b9629392a094c564ebdff0531f07f8bf499b4ef855a77893e2578e2e90c763a3d9e877b6b1c131e15af279e28e3b6895b1bd9d81033804d7d274562e9caef95dafe5f91e454cbf10a73786abc919bbb5caa4d36926e2eead7b27aa924f55d51e77fb26fc149ff677fd9dbc2be0fbcbc4d4752d2ad59f50ba40425c5e4d23cf70e9900ec334b215c8ce315e894515a462a2945743d1c3d0851a51a34d5a31492f44ac14514551b051451400515e45f163e297c63f0df8e2eac7c1ff00097c3fe28d0e354306a97be355d31e625017060fb24a576b12b9dc738cf19c571be24fdac7e2dfc1ad1e6f10fc43f82f6367e0dd3d7ced5751f0df8ad757bad26dc7dfb87b57b685a48d07ccde5b165504ed38aca55a2b7bfdccf2eb66f42936aa29a4b77c93e556eb7b5ade7b5b5d8fa3e8a834bd52df5bd32daf6ce78ae6d2f2259e09a36dc92a300caca7b820820fbd4f5a9e9a69aba0a28a281851451401e1ff00b59ffc87347ffae127fe842bc727ef5ec7fb59ff00c87347ff00ae127fe842bc727ef5fc97e21ffc9458af55ff00a4c4e4ae559bbd549eadcddeaa4f5f2313c6ae549aaa4f574c6d34815159998e0003249f6aecfc19fb3478afc6ee8ff613a5da37267bdcc5c7b27de3edc63debd4cbb2cc5e36a7b2c25394df926fef7b2f9b47972a33a8f969abb3cd25af56f827fb276a5f10248751d6c4da5e8d90ea846db8bb1fec83f754ff0078fe00f51ed3f0bbf65ef0f7c3b68aeae231ac6a698227b841b233ea91f207d4e48ec457a557ecfc31e1772496233869f5504f4ffb79f5f45a7767a183e1f57e7c56be5fe6ff0045f794f40f0fd9785b47834fd3ada2b4b3b55d914518c2a8fea7b9279279ac6f8aff001434ff00847e0e9f57d40eedbfbbb7801c3dcca41da83f2c93d8026ba39a64b685e49195238d4b3331c0503a927d2be1afda37e33cbf193e20cb34323ff63e9e4c16119c80573cc847ab919fa051dabedb8c388e1926017b14bda4bdd82e8acb7b768ae9decbb9db9de691c061d727c4f48afd7d17e76460f8ebc7da97c4bf145c6adaa4c65b89cfcaa3ee4299e1107651fe24f249aa10ff005aa90d5b87fad7f31e22b54ad51d5ab272949ddb7bb6cfcee9ce53939cdddb2dc3d6adc3556da369640aa0b331c00064935dbf85be04f8bbc5015ad743bd48dba4970a205c7a82f8c8fa66a70d81c4e2a5c986a729bed14dfe49fe87b385a739bb4137e873b0f5ab70718af57d03f632d72e5035fea7a75967f8630d330fafdd1f9135d5699fb1a69d6ea3ed5addecc4753142b17f32d5f4d87f0ef882babac3f2afef4a31fc2edfe07d0e1f035fac6c784c3daadc1dabe86b3fd943c2f6a06e93559c8fefcea3ff0041515a16ff00b36f84a0033633c98eed7327f422bd2878499e497bce9aff00b7aff944f56961a71dce53f647fbfe20fa5bff00ed5af67ac4f077c3bd23c05f68fecab536c6eb6f9a4caefbb6e71f789c7de3d3d6b6ebf72e10c9eb65594d2c0e21a728f35edaad64df54bbf63ba2acac1451457d294145145006478f759d53c3be0dd4afb44d15bc45ab5ac0d25a698b751da9bd90748c4b27c899f56e057ce0bfb6a7c6bbbf8aefe0b83f67ab18b5f4d2575b315dfc41b58d3ecc663086df1db4833bd48da39ef5f4a78cfc5769e03f07eadae5f8b8363a359cd7d73f6781e797cb890bb6c8d01676c29c2a8249c000935f26cbf117e27f867f682d3be39788fe19eb36fe06d4b449bc33fd83a5dbbea1e26d26d8cf1dcc17f776f1920ee65915a08773c2aea58b1dc179abc9a6acdaf4eddf667cee775ea539d3f675671d57372c534a1769c9b7095acecbeff75d9b5e95f08ff696f88fabfed1961e03f883f0ef41f070d67c3f7bae585c69fe253ab3486d6e2d2278dc7d9e20b91740e413f77a57bd57ce1f07fc45aa7ed3bfb5cd9fc45b7f0c78a3c35e09f06f862f343d3e7f1069d269b77ad5e5edcdb4b2bc76f201208238ed106f755dcd21c02149afa3eae8b6d3bbbeba7f5a1d993d49ce94e529b9c799f2ca4acdc7ddd7e18e97e6b3b2baf930a28a2b63d60a28a2803c8fe31fedddf09be0078d64f0e78bbc636ba3eb714493b5a1b4b99a408e32adfbb8d8723debccfe2e7fc1423c17f19be196bde14f85b69e23f88fe2ff0011e9f3e99616165a05ec56b1c9346d1896e6e2689218a052d97667ce01c035f545158ca151dd5d5bd3fe09e4e270b8eabcd05563184aeb4837249e9bb9daf66f5e5b791cc7c12f00c9f0a3e0c7847c2d35c0bb9bc35a2d9e94f38ce266820488bf3cf2573f8d74f4515aa565647a74a9c69c1538ec924bd12497e0828a28a65851451401e6bf1dbe136a9f11b52d3e5d3dad156d62647f3a42a72483c601ae162fd947c43707f7977a4c23febabb1fd13fad7d09457c3669e1de4f9863278ec52939cf576934b64b64bcbb912a6a5b9e1563fb1e5c4ae0ddeb90c6bdc436c5c9fc4b0ae9347fd927c316255aee4d475061d43cc2343f82007f5af51a2b7c1f87f90619de386527fde6e5f9bb7e067f55a5d518de19f87ba1f8380feccd2ecacdc0c798918f308f773f31fc4d6cd1457d650c3d2a1054e8c5462ba2492fb9246d18a8ab2560a28a2b619e2ffb6c7c573e07f86eba35ac9b350f111684ed3cc76e31e61ff81642fb866f4af8f60aef3f6a8f8887e22fc6bd5258e4df67a63ff67db63a6d8c90c47ae5cb9cfa115f337ed2ff00b5fe81fb38e966ddf6ea9e249d375be9b1be0a03d1e56fe04fd5bb0c648fe69e2dc757ceb3a9d3c3272517c914bb27abf9bbb6fb58fc6f89739a73c54ebd595a10d17cbf56eff81ea7e2ef1ce8ff000ebc3f36abaeea569a569f0637cf712045cf603b963d80c93d853bfe09f5f1c3c21fb71fed11ad78434d8f564d2f41d21f5592fc8587ed656786208884160a7cd277360f18c739afca6f8c1f1c3c4bf1d3c48da9f88b5192e9c13e45bae56ded14ff000c69d1474e79271c926bee8ff836bffe4eebc6ff00f62849ff00a5b6b5f51c39c078585684b30fde3bfc3f67f46ff05e47ca70ff00134b1d9de1f074e36a52959df76ad27f2d979f99fb09e0df85fe1ff0040a9a4e956968ca31e684dd337d5ce58fe75bf4515fb461f0d4a84152a11518ae8924bee491fd1b08460b960ac828a28ad8a0a28a2800a28a2800a28a2800a28a2800a2b03e285bf89eebc09a827832eb43b2f13154fb0cdac5bcb71628dbd4b798913a39053701b5860907b62bc5c7887f6a9f0dfcf73e18f819e298d7aad86b5a96952bfd04b04ca3fefa359cea72bb59fc91c389c72a125174e725de31e65f83bfe07d0f45799fc09f899f127c71ab5fdb78efe185bf8122b5855edeeedfc4d06b10de396c1401238dd7039cb2815e995519292ba3a30f5e35a0aa4134bcd38bfb9a4c28a28aa360a28a280313e247c46d13e10f80b56f13f88f50834ad0f43b67bbbdba949db0c6a32781c927a05009248001240af0cb1fdab3e3478cec975cf0d7ecf7793785e65f36d86b5e2cb6d2b59bd84f475b331bac448e424b2a31cf3b6b47fe0a3b0adbfc04d2355be4697c35e1cf17e83ac788e2dbb95f4c835185e7675fe244f9646078db1313d2bde6d2ee2bfb58a78258e682641247246c192452321811c104771584b9a53714ed63c6acebe23173c3c2aba6a0a2fdd51bc9cafade49fbaad6b25abbddec8e33e00fc7dd17f68af033eb3a445a8584f6775269da9e97a8c1f67bfd1ef23c79b6d711e4ed91720f04821958120835dbd7cfbfb3a5f5bebdfb70fc7cbfd15d25d0a28f41d3af6688ee864d62182e3ed2a08e3cc481ec91fb82aa0f2a40fa0aae949ca377fd58e9cb3113ad439aa3bb4e51bad13e5938dd7adbd2f7b6960a28a2b43d00a28a2800a28a2800a28a2800a28a2800ae7be2d78c07803e1a6b9ac642c9616723c59e864c6107e2e547e35d0d784ffc143bc756fe09fd9f666b99d6dedae6e95ae5d8e024312bccec7d818d6bc9cf718f099757c44778c5dbd5ab2fc5a3cfcd715f56c1d5af7b72c5bf9db4fc59f9d1fb59fed3f6bfb3b7827cd8cc777e24d5372e9f6ce7383de693bec527eac703d48fce2f12f896ff00c63af5dea9aa5dcd7da85f48659e795b2f231eff00e00700000715d2fc7ff8c377f1cfe29ea5e20b9de90ccfe559c2c73f66b7527cb4fae3938eaccc7bd7195f9c70ee490cbf0e9c97ef25ac9fe9e8bf1777d8fe3fce7349632b593f716cbf5f57f9057e8aff00c1b5ff00f2775e37ff00b1424ffd2db5afceaafd15ff00836bff00e4eebc6fff0062849ffa5b6b5f5b97ff00bcc3d7fccf5b80bfe4a1c27f8fff006d91fb47451457d81fd7414514500145145001451450014514500145145001457957c73f899f14fe1d78a6da5f08fc33d3fe207869ad55ae7ecfe238b4ed5609f7bee0914f188644d9b31fbd5624b0c7033c647ff052ef03785e4587e21685f103e145c13b4378a7c3b3c366edd0edbb804b6e47b9900fe5594ab422ed276f5ff3d8f36b66f84a3374ebcb92dd649a8bf4935cafff000247d1145794fec51f1075ef8bbfb3968be2ff0010dd3dcdcf8b67bcd62c95a148becba7cf752c965100a0642da9846e6cb1e4926bd5aae12e68a92ea75e17111af4615e0aca49357ecf55f859fcc28a28aa370a28a28020d534cb6d6f4db8b2bdb782eeceee268678268c4914d1b02ac8ca7865209041e0835f3eaffc137f41d1e36d3fc3bf11fe32f843c2a4fcbe1bd1bc52d169b021eb1c45e379e18ce4fc914aa067802be89ac0f117c56f0bf8435f8349d5bc49a0697aa5d45e7436777a84305c4d1e4aef58d98315c823206320d67521096b3febf23831b83c256b4b1515a689b76dfa5d4a2f5ed7b3ec43f08be0f786be03f806cbc31e12d26db46d134f0de55bc5962ccc77348eec4b3bb31259d896627249ae96a38af219ed44e92c6f095de24560548f5cf4c563780fe28786fe29da5f5c78675ed1fc416fa65db585dcba75dc7731dbdc2aab344cc8480e03a923a8c8aa56568a3a69fb2a4a346164ada2565a2ecbb25d9686ed1451546c1451450014514500145145001451450015f9bdff0007187c5f6f07fc15f0af872d6731dd788269d25456c1f23f7658ff00e39b7e8e6bf486bf1c3fe0e5ad67cefda17e1ce9f9e2dbc3b2dc633ff3d2e5d7ff0069d78f9ed3f6985e47b7346ff277fcd23e13c4ac4ca8f0f5771fb5cb1fbe5ff00fcd6a28a2be6cfe520afd15ff00836bff00e4eebc6fff0062849ffa5b6b5f9d55fa2bff0006d7ff00c9dd78dffec5093ff4b6d6bb32ff00f7987aff0099f5dc05ff00250e13fc7ffb6c8fda3a28a2bec0feba0a28a2800a28a2800a28a2800a28a2800a28ac0f1b7c55f0cfc35bbd2a0f11788346d0a5d72e0da69eb7f791dbfdb660a5bcb8f791b9b03a0e693696ac89d48c23cd3692f3d3f3b1bf5c37ed37e0ff00107c43fd9e3c6be1ff000a4b67078875ed1ae74db19aea431c5049346d1f984804fca18b0e3a815da5e5f41a75abcf7134504118cb492385451ea49e05637853e29f863c77aa5e58e87e23d0759bdd3955aeadec7508ae25b60c4852ea8c4a8241c640ce0fa52959ae57d4cb10a9d483a1395b9d35ba4f54d3b75bd9bd932cf817c1f67f0f7c13a3681a72797a7e8763069f6a9fdd8a28d6341ff7ca8ad5a28aa4ada2368c5462a31564b40a28a282828a28a002b9cf881f077c23f166de387c55e16f0e789a2881544d574d86f5501ea00915b00d7474cb8845cc0f1b1755914a928c5586463823907dc52693566454a709c5c66935d9a4d7e29afc0f872c7f627f855fb48fed4b7fa67853c13a4681f0cbe1d4b25a78965d237d95bf8ab57651ff0012e090b2a1b7b6560d3607cd2b247d15ebed0f03f80743f867e1ab7d1bc39a3e97a0e916836c365a7daa5b4110f644000fcab3be0dfc21d0be037c33d23c25e1bb56b5d234687ca883bef965624b3cb239e5e4772cecc7966627bd74f5951a2a1ad95dff00563caca729a5848babc915527acb952497f75592f756dd2eef26aef428a28ad8f6028a28a0028a28a0028a28a0028a28a002bcb7e39fec53f0aff697f125a6b1e3bf05691e26d4ec6d859c17177bf7c5087670836b018dcec7f1af52a2a6508c95a4ae6188c2d1c443d9d782947b349afb9a68f9e3fe1d39fb39ff00d126f0c7e52fff001747fc3a73f673ff00a24de18fca5ffe2ebe87a2b3fabd2fe55f723cff00f57f2bff00a06a7ff8047ff913e78ff874e7ece7ff00449bc31f94bffc5d76df033f629f857fb347892ef58f01f82748f0cea77d6c6ce7b8b4dfbe584b2b943b98f1b914fe15ea34538d0a69dd457dc8d68e4d97d19aa94a842325b3508a6bd1a570a28a2b53d20a28a2800a28a2800a28a2800a28a2800ac2f88df0bfc39f17fc2d3e89e2ad0b49f1169173feb2cf51b54b8858faed604061d88e47635bb4526935664ce119c5c26ae9ee9ea9fc99f0f7863f618f84bf03bf6a23e12f1a781f49f11f85fc71235d781f51d6da5bf8f4eb88e3ccda2b0999906114cb6e4ae593cd4258c633f607c3df847e14f847612daf853c31e1ef0c5b4fb7cc8749d3a1b28e4db9dbb96355071938cf4c9a87e2f7c20d0fe387831f42d7e0965b5fb4437904b04a61b8b3b886459229e1917e68e44750430f71d0907a7aca9518c1bb2479196e51470739aa54e2a37bc5a4b995f78b76bd93f85df67cbf650514515b1ec85145140051451400514514005145140051451400515f98ff00b476af7717fc1c3ff0bed56eae16d9f4db72d089088dbfd1af3aae715fa715851aded1c95be1763c5ca33858ea988a6a1cbec6a386f7bd9277db4df6d428a2bf323f6e1d5eeedffe0be3f02eda3bab88ede4d334e2f12c84237fa4dff519c1a2bd6f6514ed7bb4bef0cf738596d185670e6e69c21bdadcf2b5f67b76ea7e9bd1457e27fece7fb135bfedff00ff000509fda0741d67c63e25f0edb78735fd4ef206d3e40c5cb6a52c7b487e0003d2a7115e54dc6318ddcbcec72e7f9ed6cbea61e861e8fb59d6938a5cca3b479b7699fb61457e73ff00c43a9e15ff00a2b9f113f286beadfd84ff0062bd3ff616f853a9f8534df11eb5e278353d5a4d59ae753dbe6c6cf0c3179636f1b40841fab1a74ea5672b4e165eb734cbb30cd6b5750c5e1152859fbded232d7a2b28a7afe07b5d15f919ff000529f83edfb4a7fc16a3c23f0eee75dd5f43d37c4ba35a432cf632624876c57326554fcb92500e7d6bd6ff00e21d4f0aff00d15cf889f94358ac55594a51a70bd9db7b7e87930e26ccb1188af470383538d29b836eac6376927b38be8cfd18a2be56fd843fe0963a2fec27f12b56f12e9be37f14f89e6d5b4c3a635bea7e5f951299639378dbceecc607d09aa9ff0005c4bd9b4fff008268f8fa5b79a582559f4cc3c6c5587fc4c6d87515b3ab28d275271b357d2ffa9ecd4cd713432cab8fc651e49c2329722929691575ef256d7d343eb4a2be7cff008253dd4b7bff0004eff8512cd23cb2be8a0b3bb16663e6c9d49afa0eb5a73e68a9773d2c062beb385a789b5b9e3195bb5d276fc428af983fe0b37793587fc1347e27cd04b2432a4161b5e362acbff131b51c1153ff00c11d6ee5beff00826c7c2e9679649a57b4bbdceec599bfd3ae7a9359fb6fdf7b2b74bfe36383fb617f6b7f65727fcbbf69cd7fef72dad6f9dee7d31457e5effc1c9bafea9e1fb7f8252e917b7f65782f356689ed2678e4f300b12841520ee07a7bd7d01ff0493ff829047fb67fc3397c33e2a916cbe29f83e210ead6f22f94fa944a420bb54e30dbb0b2a81f2b907003a819c7191f6ee83d1f4f33cea3c5b8696755324aab96714b95b7a4af1e66bc9a5b2d6e93b6d63ec2a2bc27fe0a737325a7fc13f7e2dcb148f1489e1db82ae8c5594e07208af32ff82125f4fa8ffc1387c2d2dc4d2cf29d475205e472cc7fd2e4ee6b475ad5952b74b9e8cf3851cda195f27c54dcf9afda4a36b5bcef7b9f61d15f999ff072aead75a57c2cf8586d6e6e2d8beab7c18c52142dfb98bae2b621ff0083763c2b2c28dff0b73e218dca0f486b19626a7b4953a70bdadd6db9e462388f1ef31ad97e0709ed7d928b6dd450f8d5d68e2fb33f46e8af867f67aff821c7873f67bf8d9e1af1b5afc4bf1bead71e1abd5bd8eceec45e45c15cfcaf8e71cd7dcd5d14a5392f7e36f9dcf7b2bc4e36bd394b1b43d9493d129a9dd5b7ba4adae960a28a2b53d30a28a2800a28a2800a28a2800a28a2800a28a2800a28a2800a28a2803f2fff00692ff958b7e16ffd832dff00f496f2bf502bf2a7f6ccf1e68bf0c7fe0e01f875af788b55b0d1345d3b4ab692eafaf665860b7536f76a0b3b600192073dc8afbbbfe1e37f013fe8b17c39ff00c1edbfff00155e7616a4633a8a4d2f79fe48fcff0085f1f85a18acc635eac62fdbcb4728afb31eed1ed15f981fb73ffca7f7e047fd8334dffd29bfafd07f845fb4bfc3df8fd737d0f823c69e1af15cba62a3dda695a84774d6cae4852e109c0255b19f435f9f1fb73ffca7f7e047fd8334dffd29bfaac7493a7169fda8fe66dc6b5e9d5cbf0f529494a2ebd1d534d7f13ba6d7e27e9fd7e247eccbfb6e1fd887fe0a23fb436ae3c13aff008dff00b6fc41aa59fd9f4a387b6dba9cafbdbe56e0f4afdb7afcc0ff00823aff00ca50ff006a3ffb09ea3ffa7696963549d4a4a2eceeff00232e33a55aae3f2da787a9ece6ea4ed2b295bf76fa3d19d5ff00c3ff009bfe880fc48ffbefff00b557dc3fb3c7c5ff00f85fbf04fc37e323a3dee81ff090d9addff675e7fafb4c92363f039e3d075aece8ae9a54ea45de73bfc923e932bc066342a3963315ed535a2f671859df7ba6efdac7e42ffc14a7c6be2df875ff0005baf076b5e04f0f47e2bf16d868b68fa6e92f9db7ae62ba52a7041e10b1ea3eed7b57fc37cfedadff0046c9a77e737ff1eaf39fdb33c79a2fc31ff83807e1d6bde22d56c344d174ed2ada4babebd996182dd4dbdda82ced8006481cf722beeeff00878dfc04ff00a2c5f0e7ff0007b6ff00fc5579d4a37a953f79cbef3ede5dcfcff2aa0a78ecc1bc7cb0ff00bf97baa54d5fdd8ebefabf969a6843fb0b7c65f8adf1abe1deafa87c5bf0041f0f75bb5d44dbd9d9445b1736fe52379bf33b1fbecebd7f86bcd3fe0b9fff0028c9f1ff00fd77d2ff00f4e36d5ee7f0bbf6bcf85bf1b7c4e745f07fc41f08f89b5710b5c7d8f4dd522b99bcb52033ed5627032327dc57867fc173ff00e5193e3fff00aefa5ffe9c6dabb2b5bead24a57d1ebff0c7d6e6ee3feaee2631adedad4a6b9ef16dbb3df974bebd0ecffe093dff0028e8f84dff006051ff00a364afa1abe24ff8269fedc9f073e1bfec25f0cf43d7fe27f81f46d674dd2445776579ac410cf6efe639dae8cd90704707d6bde74dff0082857c0bd635182d2d7e2e7c3eb8baba91618628f5cb76795d880aa006e4924002ab0f5a9fb28ae65b2eabb7a9d190e6b818e5b8683ad04f920adcf1bdf963a5b98f3eff0082d2ff00ca327e28ff00d70b0ffd395ad4ff00f046aff94687c2cffaf3bbff00d2fb9a83fe0b4bff0028c9f8a3ff005c2c3ff4e56b53ff00c11abfe51a1f0b3febceefff004bee6b3ff98cff00b77f53817fc95dff0072dffb94f96ffe0e40ff009097c04ffb09ea7fcec2b4bfe0ac3fb17f893f672f8af6bfb52fc1457d3b5dd0a7fb6789ec6d932920e8f79e58fbd1ba92b70bdd5b7ffcf46acdff0083903fe425f013fec27a9ff3b0afd3cbbb48afed658278a39e09d0c7247228649148c1520f0411c60d63ec155ad562f7f76cfb3b1e2bc9296699b66987a8f9649d17192de12507692f47bf75747c4df16bf6cff0dfedcdff00047ff89be30d0992daf57c39716dac698d26e974abb0a0b467d50fde46c7cca4742081abff000418ff00946d7857fec23a97fe95c95f0e7fc14d7f647f15ff00c1337c65e2cd6fe1c34abf07fe2fd8cda36a16382f069b2480b0b671db69cbc0fd400e872036ff00b8ff00e0831ff28daf0aff00d84752ff00d2b92a30f5272c528d45ef28b4fcf5dfe673e459862f11c4d0a1984396b52a338cbb4bdf8b538f9496be4eebd3c33fe0e65ff9255f0abfec2d7dff00a262aea20fdbe3f6d458502feccba7950a00399b91ff007fab97ff0083997fe4957c2aff00b0b5f7fe898abecfb6ff00828cfc055b68c1f8c3f0e810a011fdbb6fe9fef5371be26a7bfcbb76ede65ce8a9f11e3ef8c787d28ece0b9bdd7fcfdbcbbea703fb0dfed39fb42fc69f8b1a8e97f16be0f5afc3ef0edbe9325d5b6a31193335d89a15587e6918731bcadd3fe59f5afaaabc8fc3dfb7d7c12f16ebf63a5697f15bc03a86a7a9dc4769696b06b50492dccd230448d1436599988000ea4d7ae57a146dcb6e6e6f3d3f43efb26e48d0f671c4fb769bbc9b837aec9f269a74ea1451456c7ac145145001451450014514500145145001451450014514500145145007857ed0bff04d3f827fb557c423e2af1ef82bfb7b5e36d1d99bafed7bfb5fdd2676aec86744e371e76e79eb5c37fc3907f65eff00a263ff00971eadff00c955f575158cb0d4a4eee2afe878f5b8772aad51d5ab86a7293d5b708b6df76ec7917ecc9fb08fc29fd8e6ff0057baf871e15ff84727d7a38a2be6fed3bcbcf3d632c506279640b82edf7719cf39abbe3afd8cbe1afc4af8ff00a0fc52d6fc37f6df1df86628e1d3753fed0ba8fecc91b48e83ca49444d8695cfcc873bb9e831ea14552a5051e54958ea8e57838d18e1e34a2a117751e5564d3ba695ac9a7adfbea15e5ff077f632f86bf007e28f8a7c69e11f0dff0064f897c692c936b379fda1753fdb1e498cce764b2b2266462df22ae3381c715ea145538a6d36b637ab86a35270a95209ca0ef16d26d36ad75d9db4d3a051451546e7857ed0bff04d3f827fb557c423e2af1ef82bfb7b5e36d1d99bafed7bfb5fdd2676aec86744e371e76e79eb5c37fc3907f65eff00a263ff00971eadff00c955f575158cb0d4a4eee2afe878f5b8772aad51d5ab86a7293d5b708b6df76ec785fecf1ff04d6f829fb29fc413e29f00f82ffb075e36b2597dabfb5efeebf74e54b2ec9a774e4aaf3b73c75af46f8e9f023c29fb4a7c32d43c1be36d2bfb6bc37aa344d7567f699adbcd3148b2a7cf0ba38c3a29e186718391915d751551a5051e4495bb1d5472cc1d1a0f0b4a94634ddef1514a2efbdd6daf5ee7ca3ff0e41fd97bfe898ffe5c7ab7ff002555bd0bfe08b9fb34786b5cb3d4acbe1af917ba7ce9736f27fc243aab7972230656c1b920e080704115f51d151f55a3fc8bee470ae18c9d3bac253ffc023fe472df1a7e0b7867f687f863aa7837c63a6ff6c786f5a58d6f6cfed12dbf9c1244957e78995d70e8a7e561d31d3229df06be0df86ff67df867a5783fc21a6ff64787344478ecad3ed12dc792af2348c37cacced97763f331ebe95d3d15af2ae6e6b6a7abf56a3edbeb1c8b9ed6e6b2bdaf7b5f7b5f5b773cbff690fd8cbe1afed732e80ff10fc37ff090378625966d30ff00685d5a7d99e4f2f79fdc4a9bb3e547f7b38dbc63273ea1451428a4db4b5614f0d4615255a104a52b733495ddb4577d6cb6bec73df15be147877e38fc3cd57c29e2cd2adb5bf0f6b70982f2ce7dc1655c8230ca432b020156521948041040359df017f67ff08fecc7f0dad3c21e07d23fb13c3b6324b34169f6a9ae76348e5dcef99ddce5893cb71dabb2a28e48f3735b50785a2eb2c4382e74adcd657b6f6bef6bf43cc3f699fd8d7e1b7ed89a569563f11fc37ff091dae892c93d927f685d59f92ee02b1cc12465b2147dec8e2bc83fe1c83fb2f7fd131ffcb8f56ffe4aafaba8a89e1e949f34a29bf4387159165b89a8eb6230f09c9f59462de9e6d1f32f81ff00e08e9fb38fc38f1a68fe22d17e1d7d8b58d06f61d46c2e3fb7f5493c89e191648df6bdc956c3a8386041c7208afa6a8a2aa14a10d2092f43a30596e1307171c2528d34f57ca92bfad828a28ab3b428a28a0028a28a0028a28a0028a28a0028a28a0028a28a0028a28a0028a28a0028a28a002be77fdad7e386abf06ff69ef82cb6b6de2cd5b4ad563d785fe91a0c0d732df98edadcc4cd08601c46cccd93f7724d7d115c8f8bbe0c697e34f8b3e0ff00195d4f7f1ea7e094be8ec6289d04128bb8d2393cd054b1c08c6ddacb824e7359d58c9c6d1f2fcce0cca856ad479284ad2e68bbf92926fd74be9d763c67e107ed0faafc5bfdbe2fb4bfecdf1c786b42b5f0025d0d275eb46b2592e7fb44afda122dc413b084dfd7823b55cf190d77f693fdacfc4fe023e2cf11783fc23e00d174dbeb98340bc3617faedd5f35c9566b951e625bc496f8db1152cee77310a16bd697e0c696bf1e5be21fda2fff00b69f401e1d306f4fb2fd9c5c1b8dfb76eef3379233bb18fe1cf3583f18ff0065dd2fe2bf8d2c3c5565aef89fc15e30d3ad0e9f1eb9e1eb98a1b99ad4b6ff00b3cc93472c33441f2c1648db6b1254a927393a73e5b3d75f4ba3cc960317ec1c2a3e7fde39357e5e6874574ecbbdae93b59bd4e3be07ea7aff00c20fdaaf5af8557de27d63c63e1eb8f0cc5e29d22eb59985c6a5a57fa535b4b6b2ce0069a363b5e36932e36c8a4b0008f3efda0efb5df0c7c79f18ea5f11afbe35e91e028d6d9fc33ac781ae263a5e936cb6c9f687bd86d374c6513f9ac5e68a48bcbd98c00457be7c10fd9b746f821a8eb3aac7a96bde26f137888c7fda9af6bb74b737f789102228b28a91c7126e6db1c48880b31c649358ff00133f656baf887e20d5eeadfe287c50f0e69dafaedd4349d3750b57b4917cb11b088dc5bcb2db8651c8824419248009cd29539f25bcfbfe1e6655f2ec54b06a9a4eea4da8f3269277e58c9b6b992f2926afeeb7ca883f69cf1e3e9dfb0378ff00c4de17f105cdcbc1e02d4353d275bb69c09a5234f92486e92440a371f95c32803272315f3bfc34f8c3a3c5e33f8509f09be30f8afe24f88b5ad52cedfc51a1cdaf3f886ca2d39e226f2e262e1cda342406460e996c261b762beb2f117ecfbe1dd77f672bef8590c773a57852f3c3b2785d12ce4026b4b36b636c046ce186f58cf0583720120d755e1bd060f0b787ac74db62ed069f6f1db46cf82eca8a141380067039e0539d294a49deda7e37e9ff0004db1595e27118885472514a114dae66d494949f2fbc96a95af252ba76b1e49fb4b78c756f0e7c7df80b6161a8ded9d96bbe2abdb5d460865648ef625d1efe554900e1944888c01eea0f6ae63fe0a67e10bcd3ff00662f1c78ef48f16f8e3c37ae784fc3d717162ba36bd71636cd2202caf2451b0576c9c64f60057b0fc42f831a5fc4af1bf8275fbe9efe2bcf01ea536aba7a40e8b14d2cb6935ab2ca0a9257cb9dc80a54ee0a7246417fc74f83da67ed03f07bc47e09d667beb6d2bc5161269f752d93a25c471b8c128ceaca1bd32a47b554e9b929aefb7ddfe66b8ccbeb56a38aa7fcebdcd5ab3f6765b356f7b5fc487e0c7c2483e1268335bc1af78b75efb73aced2ebdaccfa9cb11da06d469492abdf038cd7ca5abfed973db7ed333fc461e3db04f871a6789d3e1ecbe1a3a944165b624c32eb5e56edc59352648f701ff1ef13b7439afb435dd11b59f0cde69b15edee9cd776af6c97768cab716a590a89232caca1d73904a91903208e2bcc6cff00617f85b67f0497c047c21a2cda40d1ff00b15ae65b285afe48cc5e5195a7d9b8cc412c64ebb8eea5569cda4a9e96fcfa19e6580c54e34e9609a8287bdab96b25f0ad1b76ddbbb69ded6d0a5ff0512f196adf0fbf62af885ace87a8de691ab69fa7092daf2d2568a681bce8c6558720e091c7ad7b4d79e7c47fd9c34cf8adfb35dcfc31d6b59f10dce997ba5c3a55c6a9e743fda732c6131333988c6656280b1f2f0493f28a6fc2af813ac7c36f12bea17ff14be22f8ca0781a1161ae1d33eccac4a9120fb35942fbc608197db863907822fdee7bdb4691d915898e33da725e128c57c4bdd69c9bd3aee95d6f63d168a28ad4f5028a28a0028a28a0028a28a0028a28a0028a28a0028a28a0028a28a0028a28a0028a28a0028a28a0028a28a0028a28a0028a28a0028a28a0028a28a0028a28a0028a28a0028a28a0028a28a0028a28a0028a28a0028a28a0028a28a0028a28a0028a28a0028a28a0028a28a0028a28a0028a28a0028a28a0028a28a0028a28a0028a28a0028a28a0028a28a0028a28a0028a28a0028a28a0028a28a0028a28a0028a28a0028a28a0028a28a0028a28a0028a28a0028a28a00fffd9656e6473747265616d0a656e646f626a0a34312030206f626a0a31383434310a656e646f626a0a362030206f626a0a3c3c0a2f54797065202f506167650a2f506172656e742033203020520a2f436f6e74656e7473203434203020520a2f5265736f7572636573203436203020520a2f416e6e6f7473203437203020520a2f4d65646961426f78205b30203020353935203834325d0a3e3e0a656e646f626a0a34362030206f626a0a3c3c0a2f436f6c6f725370616365203c3c0a2f504353702035203020520a2f435370202f4465766963655247420a2f43537067202f446576696365477261790a3e3e0a2f457874475374617465203c3c0a2f4753612034203020520a2f475374617465372037203020520a3e3e0a2f5061747465726e203c3c0a3e3e0a2f466f6e74203c3c0a2f463432203432203020520a2f463433203433203020520a3e3e0a2f584f626a656374203c3c0a2f496d3130203130203020520a2f496d3134203134203020520a2f496d3138203138203020520a2f496d3232203232203020520a2f496d3236203236203020520a2f496d3330203330203020520a2f496d3334203334203020520a2f496d3338203338203020520a2f496d3430203430203020520a3e3e0a3e3e0a656e646f626a0a34372030206f626a0a5b205d0a656e646f626a0a34342030206f626a0a3c3c0a2f4c656e677468203435203020520a2f46696c746572202f466c6174654465636f64650a3e3e0a73747265616d0a789ced5a596f1b37107edf5fc1e70296782d0fa028a0c32a5aa0050c0bc843d107c3495a04765a3701faf7cbbd246a3e71a95d59f626cddad66a47246738df5c1c79fee3ed1dfbe3139baf6eff66f7ed7d755b08c6c3cf9560d2312734bb7f2c9ed8537153dc84d7eafe54f0992d7973d583e97398d2adda103edd7f2ce60dbfa2a1dcae7e0d9cfe6592fd1cfe7e09940fecb7dfc3ed6dcba91af45894cacdca6ee187f8d13a1308fb7bf5f19fc59befd8c7e90b78a5673b71e2f76139ad0e280f35c571d9adfa703039f9c1e11adff4d2ab9771121b66ea593b4ea69eb57bb45e0682d9ddcd4b02f1747cfae7bbcfef6cb5c4491208c7c2af7192091e82c13fef8af715c617173f277ab750906c66c2e56c3d50306167aabe3cbb6a3e3286aba434bb25db9027ab575949cfe63f3d0aced8faaf46972730145c97f5831dcb4f03bf665cadfc783f11d72c2bc9bb705ec9db72727d9c6cc0f05c0e52a6381c6c6410481d9f43ad4993e4546de4193828b48398c310dc130c92c01fa27e3ea30ef7b46f2623c7ddc951c3ca92555654450d1d458da67ce8637d76daefdfd70bc6dc9957ed957c3f58afaed36aa7d21367095e96a326ba2ac045109e863ef73071af1667da2bf97eb05a428892ae6446f3811b0c138d12e3265a3192a3f57edc44e7d4e1c4a1163d50f7597bdf072b3ed38e5be3a5eaa4d04e72a78d0fb1c7694692c8404194904d2c53bccabad56b13cd34a7d16ca6224f3bfefe608b278caf14c0770a88373f92e9725bcc375a32a9d9f63ddb9db5aadbf6b190a68af9c12ab76fd9f70145f103db7e2884aa3e6d28b2a6983d413543ca3d45379468cc09cb94cd10dbb78ca929d1100b931c70f20d45ee298b86a2f794654d89b6b0a29cd6b0ee754db9de0603784520435a36c780ac2b50ab08008202e0298e00a3a610798a87e03d8b58ba88a3045cc4d34516306449cd6705988ed820f231930059f680acc29e5b61371464c1890e84a03a6874ed283ed1144947aca9621b4f50546b6039b1648aac2a34753041cd2dbf1b018c294158ba06ecf755474cdad2b44ae2094671044f802f8b561bb622535b523cc1a0017188ff28c8829af872fa6058d949bf04e75a653d27ef286bea5b76f23ad15c0c009dc635717d8978b381ba211b3e5bbe93d6b4ea84951c4201a4031afc30c750d5831ea5206849492bb4c5f9462f1598cd7afa58949e54cc512480288ce647432ada633e4e03e4d9382da1bac7a8f51cc2cb924a02c11eac514f1f73e792459f34834bba31ae420b1849b9489f1d415d562e7353a09092d34fd565389fb6c2ae2058e663237a0160b1a6610b97853a7f45fd229fcb40f7600340a0de77c294699cab7b01d52699ded19520b7416c4c949fd188acc3be964da04f7f3d26d0d75a296d99cc49d84580ce03f426aea9a2a16fb2013c810f5a0565dca66193e623a868ed491d02524480140b2380308dbe4a1fc246f801aac72e567b5e8ac740bfe9ebec4819d373fac986364c80d9237eeb4ed0f3756902f69fc077fc2414dd67a296ef1a32ebbcb16187b49cc40efb4cc9eaaeb989496293ab59b1bc84a65bbeaa9d46d7a3d70a9c4d5a415bb2c576014d7c68a54306f0b0ec62125ae9b31c27bb13926a3c7bdf29f8125dddd95d6b0bda7d98468090ffe6e694748593563009ea09ac43b16e8112193690fa06e8b531eb33412fba16ad12d9621c0f01b418cf27c631edc87c5f748420ff9726bcd7e2651146c5821a5fa6e37751438af2311c2df2ad2b5ad97deb349e65e2b613f688898392a08190ed53804e94ccd99e529001011c3800c0884bf4bf7004209ef85acd51427e4aa4b22fc08cbc7f4e333af98bfe1ebd2a684cd1f3028c186f013536ddbfa05ef8ff40d94df11f4f4dee8e656e6473747265616d0a656e646f626a0a34352030206f626a0a313335390a656e646f626a0a34392030206f626a0a3c3c0a2f54797065202f584f626a6563740a2f53756274797065202f496d6167650a2f576964746820310a2f4865696768742032300a2f42697473506572436f6d706f6e656e7420380a2f436f6c6f725370616365202f446576696365477261790a2f4c656e677468203530203020520a2f46696c746572202f466c6174654465636f64650a3e3e0a73747265616d0a789c636064646261e5e0e6131491909653505256555503000967017a656e6473747265616d0a656e646f626a0a35302030206f626a0a32380a656e646f626a0a35312030206f626a0a3c3c0a2f54797065202f584f626a6563740a2f53756274797065202f496d6167650a2f576964746820310a2f4865696768742032300a2f42697473506572436f6d706f6e656e7420380a2f436f6c6f725370616365202f4465766963655247420a2f534d61736b203439203020520a2f4c656e677468203532203020520a2f46696c746572202f4443544465636f64650a3e3e0a73747265616d0affd8ffe000104a46494600010101006000600000ffdb0043000201010201010202020202020202030503030303030604040305070607070706070708090b0908080a0807070a0d0a0a0b0c0c0c0c07090e0f0d0c0e0b0c0c0cffdb004301020202030303060303060c0807080c0c0c0c0c0c0c0c0c0c0c0c0c0c0c0c0c0c0c0c0c0c0c0c0c0c0c0c0c0c0c0c0c0c0c0c0c0c0c0c0c0c0c0c0c0c0c0c0c0cffc00011080014000103012200021101031101ffc4001f0000010501010101010100000000000000000102030405060708090a0bffc400b5100002010303020403050504040000017d01020300041105122131410613516107227114328191a1082342b1c11552d1f02433627282090a161718191a25262728292a3435363738393a434445464748494a535455565758595a636465666768696a737475767778797a838485868788898a92939495969798999aa2a3a4a5a6a7a8a9aab2b3b4b5b6b7b8b9bac2c3c4c5c6c7c8c9cad2d3d4d5d6d7d8d9dae1e2e3e4e5e6e7e8e9eaf1f2f3f4f5f6f7f8f9faffc4001f0100030101010101010101010000000000000102030405060708090a0bffc400b51100020102040403040705040400010277000102031104052131061241510761711322328108144291a1b1c109233352f0156272d10a162434e125f11718191a262728292a35363738393a434445464748494a535455565758595a636465666768696a737475767778797a82838485868788898a92939495969798999aa2a3a4a5a6a7a8a9aab2b3b4b5b6b7b8b9bac2c3c4c5c6c7c8c9cad2d3d4d5d6d7d8d9dae2e3e4e5e6e7e8e9eaf2f3f4f5f6f7f8f9faffda000c03010002110311003f00fe7fe8a28a0028a28a00ffd9656e6473747265616d0a656e646f626a0a35322030206f626a0a3633350a656e646f626a0a35332030206f626a0a3c3c0a2f54797065202f584f626a6563740a2f53756274797065202f496d6167650a2f576964746820310a2f4865696768742032300a2f42697473506572436f6d706f6e656e7420380a2f436f6c6f725370616365202f446576696365477261790a2f4c656e677468203534203020520a2f46696c746572202f466c6174654465636f64650a3e3e0a73747265616d0a789c5353555556529093961011e4e3e6606561626464000015ae017a656e6473747265616d0a656e646f626a0a35342030206f626a0a32380a656e646f626a0a35352030206f626a0a3c3c0a2f54797065202f584f626a6563740a2f53756274797065202f496d6167650a2f576964746820310a2f4865696768742032300a2f42697473506572436f6d706f6e656e7420380a2f436f6c6f725370616365202f4465766963655247420a2f534d61736b203533203020520a2f4c656e677468203536203020520a2f46696c746572202f4443544465636f64650a3e3e0a73747265616d0affd8ffe000104a46494600010101006000600000ffdb0043000201010201010202020202020202030503030303030604040305070607070706070708090b0908080a0807070a0d0a0a0b0c0c0c0c07090e0f0d0c0e0b0c0c0cffdb004301020202030303060303060c0807080c0c0c0c0c0c0c0c0c0c0c0c0c0c0c0c0c0c0c0c0c0c0c0c0c0c0c0c0c0c0c0c0c0c0c0c0c0c0c0c0c0c0c0c0c0c0c0c0c0cffc00011080014000103012200021101031101ffc4001f0000010501010101010100000000000000000102030405060708090a0bffc400b5100002010303020403050504040000017d01020300041105122131410613516107227114328191a1082342b1c11552d1f02433627282090a161718191a25262728292a3435363738393a434445464748494a535455565758595a636465666768696a737475767778797a838485868788898a92939495969798999aa2a3a4a5a6a7a8a9aab2b3b4b5b6b7b8b9bac2c3c4c5c6c7c8c9cad2d3d4d5d6d7d8d9dae1e2e3e4e5e6e7e8e9eaf1f2f3f4f5f6f7f8f9faffc4001f0100030101010101010101010000000000000102030405060708090a0bffc400b51100020102040403040705040400010277000102031104052131061241510761711322328108144291a1b1c109233352f0156272d10a162434e125f11718191a262728292a35363738393a434445464748494a535455565758595a636465666768696a737475767778797a82838485868788898a92939495969798999aa2a3a4a5a6a7a8a9aab2b3b4b5b6b7b8b9bac2c3c4c5c6c7c8c9cad2d3d4d5d6d7d8d9dae2e3e4e5e6e7e8e9eaf2f3f4f5f6f7f8f9faffda000c03010002110311003f00fe7fe8a28a0028a28a00ffd9656e6473747265616d0a656e646f626a0a35362030206f626a0a3633350a656e646f626a0a35372030206f626a0a3c3c0a2f54797065202f584f626a6563740a2f53756274797065202f496d6167650a2f57696474682032300a2f48656967687420310a2f42697473506572436f6d706f6e656e7420380a2f436f6c6f725370616365202f446576696365477261790a2f4c656e677468203538203020520a2f46696c746572202f466c6174654465636f64650a3e3e0a73747265616d0a789c636060646266e5e0e21314919096535052565555030009370177656e6473747265616d0a656e646f626a0a35382030206f626a0a32380a656e646f626a0a35392030206f626a0a3c3c0a2f54797065202f584f626a6563740a2f53756274797065202f496d6167650a2f57696474682032300a2f48656967687420310a2f42697473506572436f6d706f6e656e7420380a2f436f6c6f725370616365202f4465766963655247420a2f534d61736b203537203020520a2f4c656e677468203630203020520a2f46696c746572202f4443544465636f64650a3e3e0a73747265616d0affd8ffe000104a46494600010101006000600000ffdb0043000201010201010202020202020202030503030303030604040305070607070706070708090b0908080a0807070a0d0a0a0b0c0c0c0c07090e0f0d0c0e0b0c0c0cffdb004301020202030303060303060c0807080c0c0c0c0c0c0c0c0c0c0c0c0c0c0c0c0c0c0c0c0c0c0c0c0c0c0c0c0c0c0c0c0c0c0c0c0c0c0c0c0c0c0c0c0c0c0c0c0c0cffc00011080001001403012200021101031101ffc4001f0000010501010101010100000000000000000102030405060708090a0bffc400b5100002010303020403050504040000017d01020300041105122131410613516107227114328191a1082342b1c11552d1f02433627282090a161718191a25262728292a3435363738393a434445464748494a535455565758595a636465666768696a737475767778797a838485868788898a92939495969798999aa2a3a4a5a6a7a8a9aab2b3b4b5b6b7b8b9bac2c3c4c5c6c7c8c9cad2d3d4d5d6d7d8d9dae1e2e3e4e5e6e7e8e9eaf1f2f3f4f5f6f7f8f9faffc4001f0100030101010101010101010000000000000102030405060708090a0bffc400b51100020102040403040705040400010277000102031104052131061241510761711322328108144291a1b1c109233352f0156272d10a162434e125f11718191a262728292a35363738393a434445464748494a535455565758595a636465666768696a737475767778797a82838485868788898a92939495969798999aa2a3a4a5a6a7a8a9aab2b3b4b5b6b7b8b9bac2c3c4c5c6c7c8c9cad2d3d4d5d6d7d8d9dae2e3e4e5e6e7e8e9eaf2f3f4f5f6f7f8f9faffda000c03010002110311003f00fe7fe8a28a0028a28a00ffd9656e6473747265616d0a656e646f626a0a36302030206f626a0a3633350a656e646f626a0a36312030206f626a0a3c3c0a2f54797065202f584f626a6563740a2f53756274797065202f496d6167650a2f57696474682032300a2f48656967687420310a2f42697473506572436f6d706f6e656e7420380a2f436f6c6f725370616365202f446576696365477261790a2f4c656e677468203632203020520a2f46696c746572202f466c6174654465636f64650a3e3e0a73747265616d0a789c5353555556529093961011e4e3e26065666264600000159f0177656e6473747265616d0a656e646f626a0a36322030206f626a0a32380a656e646f626a0a36332030206f626a0a3c3c0a2f54797065202f584f626a6563740a2f53756274797065202f496d6167650a2f57696474682032300a2f48656967687420310a2f42697473506572436f6d706f6e656e7420380a2f436f6c6f725370616365202f4465766963655247420a2f534d61736b203631203020520a2f4c656e677468203634203020520a2f46696c746572202f4443544465636f64650a3e3e0a73747265616d0affd8ffe000104a46494600010101006000600000ffdb0043000201010201010202020202020202030503030303030604040305070607070706070708090b0908080a0807070a0d0a0a0b0c0c0c0c07090e0f0d0c0e0b0c0c0cffdb004301020202030303060303060c0807080c0c0c0c0c0c0c0c0c0c0c0c0c0c0c0c0c0c0c0c0c0c0c0c0c0c0c0c0c0c0c0c0c0c0c0c0c0c0c0c0c0c0c0c0c0c0c0c0c0cffc00011080001001403012200021101031101ffc4001f0000010501010101010100000000000000000102030405060708090a0bffc400b5100002010303020403050504040000017d01020300041105122131410613516107227114328191a1082342b1c11552d1f02433627282090a161718191a25262728292a3435363738393a434445464748494a535455565758595a636465666768696a737475767778797a838485868788898a92939495969798999aa2a3a4a5a6a7a8a9aab2b3b4b5b6b7b8b9bac2c3c4c5c6c7c8c9cad2d3d4d5d6d7d8d9dae1e2e3e4e5e6e7e8e9eaf1f2f3f4f5f6f7f8f9faffc4001f0100030101010101010101010000000000000102030405060708090a0bffc400b51100020102040403040705040400010277000102031104052131061241510761711322328108144291a1b1c109233352f0156272d10a162434e125f11718191a262728292a35363738393a434445464748494a535455565758595a636465666768696a737475767778797a82838485868788898a92939495969798999aa2a3a4a5a6a7a8a9aab2b3b4b5b6b7b8b9bac2c3c4c5c6c7c8c9cad2d3d4d5d6d7d8d9dae2e3e4e5e6e7e8e9eaf2f3f4f5f6f7f8f9faffda000c03010002110311003f00fe7fe8a28a0028a28a00ffd9656e6473747265616d0a656e646f626a0a36342030206f626a0a3633350a656e646f626a0a36352030206f626a0a3c3c0a2f54797065202f584f626a6563740a2f53756274797065202f496d6167650a2f57696474682032300a2f4865696768742032300a2f42697473506572436f6d706f6e656e7420380a2f436f6c6f725370616365202f446576696365477261790a2f4c656e677468203636203020520a2f46696c746572202f466c6174654465636f64650a3e3e0a73747265616d0a789c85cbdd164420148661638a4a2122241a3ff77f8bb313cb389af76c3febdb51f4bf17f4bc420f884337c5f13b842ef282103eba080427490a11122cf6022765be1fa22ce35c08919f861342332ef2a294527a8319ac320150d54aa97396122059abb6d5ba3b0ce19471a04677fd60ccf90ab3b26ebade8cd64ec152ca73a9746fec343b7718062baaa63376769f65398dc16bdb8f13d0badea6f46067a06d0b4698900a5e1dd0be5f967b9b827d01558e0e7b656e6473747265616d0a656e646f626a0a36362030206f626a0a3138300a656e646f626a0a36372030206f626a0a3c3c0a2f54797065202f584f626a6563740a2f53756274797065202f496d6167650a2f57696474682032300a2f4865696768742032300a2f42697473506572436f6d706f6e656e7420380a2f436f6c6f725370616365202f4465766963655247420a2f534d61736b203635203020520a2f4c656e677468203638203020520a2f46696c746572202f4443544465636f64650a3e3e0a73747265616d0affd8ffe000104a46494600010101006000600000ffdb0043000201010201010202020202020202030503030303030604040305070607070706070708090b0908080a0807070a0d0a0a0b0c0c0c0c07090e0f0d0c0e0b0c0c0cffdb004301020202030303060303060c0807080c0c0c0c0c0c0c0c0c0c0c0c0c0c0c0c0c0c0c0c0c0c0c0c0c0c0c0c0c0c0c0c0c0c0c0c0c0c0c0c0c0c0c0c0c0c0c0c0c0cffc00011080014001403012200021101031101ffc4001f0000010501010101010100000000000000000102030405060708090a0bffc400b5100002010303020403050504040000017d01020300041105122131410613516107227114328191a1082342b1c11552d1f02433627282090a161718191a25262728292a3435363738393a434445464748494a535455565758595a636465666768696a737475767778797a838485868788898a92939495969798999aa2a3a4a5a6a7a8a9aab2b3b4b5b6b7b8b9bac2c3c4c5c6c7c8c9cad2d3d4d5d6d7d8d9dae1e2e3e4e5e6e7e8e9eaf1f2f3f4f5f6f7f8f9faffc4001f0100030101010101010101010000000000000102030405060708090a0bffc400b51100020102040403040705040400010277000102031104052131061241510761711322328108144291a1b1c109233352f0156272d10a162434e125f11718191a262728292a35363738393a434445464748494a535455565758595a636465666768696a737475767778797a82838485868788898a92939495969798999aa2a3a4a5a6a7a8a9aab2b3b4b5b6b7b8b9bac2c3c4c5c6c7c8c9cad2d3d4d5d6d7d8d9dae2e3e4e5e6e7e8e9eaf2f3f4f5f6f7f8f9faffda000c03010002110311003f00fe7fe8a28a0028a28a0028a28a0028a28a00ffd9656e6473747265616d0a656e646f626a0a36382030206f626a0a3634330a656e646f626a0a36392030206f626a0a3c3c0a2f54797065202f584f626a6563740a2f53756274797065202f496d6167650a2f57696474682032300a2f4865696768742032300a2f42697473506572436f6d706f6e656e7420380a2f436f6c6f725370616365202f446576696365477261790a2f4c656e677468203730203020520a2f46696c746572202f466c6174654465636f64650a3e3e0a73747265616d0a789c6dcbeb16433010465155218904210411d4e5fd5fb1934b175dedf9b9e79b28faed01fd33df65b1ef8b93a7cfb337e44a92a0ce30cea034455603521b8183d5d85bc139672ca7e4864288aa2c38cb094e513029655303f31c967608d62bd575b21180380b43adc7a1572d20a3194a9ccdc64c7ae8dba68261785ed765367a5052148c64deb6edb52e46f76d5d822167fb0e384f4307cf34d871002e6654f2b2f3045ce1590a4ef1dd666bc5c7ded0b80e7b656e6473747265616d0a656e646f626a0a37302030206f626a0a3137390a656e646f626a0a37312030206f626a0a3c3c0a2f54797065202f584f626a6563740a2f53756274797065202f496d6167650a2f57696474682032300a2f4865696768742032300a2f42697473506572436f6d706f6e656e7420380a2f436f6c6f725370616365202f4465766963655247420a2f534d61736b203639203020520a2f4c656e677468203732203020520a2f46696c746572202f4443544465636f64650a3e3e0a73747265616d0affd8ffe000104a46494600010101006000600000ffdb0043000201010201010202020202020202030503030303030604040305070607070706070708090b0908080a0807070a0d0a0a0b0c0c0c0c07090e0f0d0c0e0b0c0c0cffdb004301020202030303060303060c0807080c0c0c0c0c0c0c0c0c0c0c0c0c0c0c0c0c0c0c0c0c0c0c0c0c0c0c0c0c0c0c0c0c0c0c0c0c0c0c0c0c0c0c0c0c0c0c0c0c0cffc00011080014001403012200021101031101ffc4001f0000010501010101010100000000000000000102030405060708090a0bffc400b5100002010303020403050504040000017d01020300041105122131410613516107227114328191a1082342b1c11552d1f02433627282090a161718191a25262728292a3435363738393a434445464748494a535455565758595a636465666768696a737475767778797a838485868788898a92939495969798999aa2a3a4a5a6a7a8a9aab2b3b4b5b6b7b8b9bac2c3c4c5c6c7c8c9cad2d3d4d5d6d7d8d9dae1e2e3e4e5e6e7e8e9eaf1f2f3f4f5f6f7f8f9faffc4001f0100030101010101010101010000000000000102030405060708090a0bffc400b51100020102040403040705040400010277000102031104052131061241510761711322328108144291a1b1c109233352f0156272d10a162434e125f11718191a262728292a35363738393a434445464748494a535455565758595a636465666768696a737475767778797a82838485868788898a92939495969798999aa2a3a4a5a6a7a8a9aab2b3b4b5b6b7b8b9bac2c3c4c5c6c7c8c9cad2d3d4d5d6d7d8d9dae2e3e4e5e6e7e8e9eaf2f3f4f5f6f7f8f9faffda000c03010002110311003f00fe7fe8a28a0028a28a0028a28a0028a28a00ffd9656e6473747265616d0a656e646f626a0a37322030206f626a0a3634330a656e646f626a0a37332030206f626a0a3c3c0a2f54797065202f584f626a6563740a2f53756274797065202f496d6167650a2f57696474682032300a2f4865696768742032300a2f42697473506572436f6d706f6e656e7420380a2f436f6c6f725370616365202f446576696365477261790a2f4c656e677468203734203020520a2f46696c746572202f466c6174654465636f64650a3e3e0a73747265616d0a789c75cd491683201045d1c2d8a0824a44d1206a1af7bfc57cd07483bc59dd5305dbf6b8dfd6d90e5a55054f4e1123da82396ff2650fd0757117a31b5964bbdd41eb3c8d7dfbb11b68c16977ae457ed8ba2eb3b3a3c117b038d8ecdc64c7a1c369c9d3ddacbd8c83e95a550b3c17470c3618d3f71a84b5f01c4c6bdd9e5503cab3e3949402545294394f8f35aaa494429405b692f8b0c297f3ec8b88630478f1142c09c55e5e4418424176a2688fb10f117b47ef7ea7ff3d015bf60e7b656e6473747265616d0a656e646f626a0a37342030206f626a0a3138390a656e646f626a0a37352030206f626a0a3c3c0a2f54797065202f584f626a6563740a2f53756274797065202f496d6167650a2f57696474682032300a2f4865696768742032300a2f42697473506572436f6d706f6e656e7420380a2f436f6c6f725370616365202f4465766963655247420a2f534d61736b203733203020520a2f4c656e677468203736203020520a2f46696c746572202f4443544465636f64650a3e3e0a73747265616d0affd8ffe000104a46494600010101006000600000ffdb0043000201010201010202020202020202030503030303030604040305070607070706070708090b0908080a0807070a0d0a0a0b0c0c0c0c07090e0f0d0c0e0b0c0c0cffdb004301020202030303060303060c0807080c0c0c0c0c0c0c0c0c0c0c0c0c0c0c0c0c0c0c0c0c0c0c0c0c0c0c0c0c0c0c0c0c0c0c0c0c0c0c0c0c0c0c0c0c0c0c0c0c0cffc00011080014001403012200021101031101ffc4001f0000010501010101010100000000000000000102030405060708090a0bffc400b5100002010303020403050504040000017d01020300041105122131410613516107227114328191a1082342b1c11552d1f02433627282090a161718191a25262728292a3435363738393a434445464748494a535455565758595a636465666768696a737475767778797a838485868788898a92939495969798999aa2a3a4a5a6a7a8a9aab2b3b4b5b6b7b8b9bac2c3c4c5c6c7c8c9cad2d3d4d5d6d7d8d9dae1e2e3e4e5e6e7e8e9eaf1f2f3f4f5f6f7f8f9faffc4001f0100030101010101010101010000000000000102030405060708090a0bffc400b51100020102040403040705040400010277000102031104052131061241510761711322328108144291a1b1c109233352f0156272d10a162434e125f11718191a262728292a35363738393a434445464748494a535455565758595a636465666768696a737475767778797a82838485868788898a92939495969798999aa2a3a4a5a6a7a8a9aab2b3b4b5b6b7b8b9bac2c3c4c5c6c7c8c9cad2d3d4d5d6d7d8d9dae2e3e4e5e6e7e8e9eaf2f3f4f5f6f7f8f9faffda000c03010002110311003f00fe7fe8a28a0028a28a0028a28a0028a28a00ffd9656e6473747265616d0a656e646f626a0a37362030206f626a0a3634330a656e646f626a0a37372030206f626a0a3c3c0a2f54797065202f584f626a6563740a2f53756274797065202f496d6167650a2f57696474682032300a2f4865696768742032300a2f42697473506572436f6d706f6e656e7420380a2f436f6c6f725370616365202f446576696365477261790a2f4c656e677468203738203020520a2f46696c746572202f466c6174654465636f64650a3e3e0a73747265616d0a789c6dcdd11682201045d1b130514125513442cdeaff7fb10b91b65a9dc7cdcc40941c8e292f2aa5073b2debfdf17c5234e9cd7d5b56c8469b8b9b6fc0c76e6d3f5ea705788f968bfadc617906aec1180c9f98d1ba695e96b79d7889e56e18edd5b909961c180e8a5ab59d19c68bb5c170108340ddf7c60c1497b31cd8a873abb5a63878e279296405562a1a4b3159944248292bfac28ce785ef6d40af603c70faa0579686e88341438c76f41ca2ad648b7efa67be17e0bd0e7b656e6473747265616d0a656e646f626a0a37382030206f626a0a3138360a656e646f626a0a37392030206f626a0a3c3c0a2f54797065202f584f626a6563740a2f53756274797065202f496d6167650a2f57696474682032300a2f4865696768742032300a2f42697473506572436f6d706f6e656e7420380a2f436f6c6f725370616365202f4465766963655247420a2f534d61736b203737203020520a2f4c656e677468203830203020520a2f46696c746572202f4443544465636f64650a3e3e0a73747265616d0affd8ffe000104a46494600010101006000600000ffdb0043000201010201010202020202020202030503030303030604040305070607070706070708090b0908080a0807070a0d0a0a0b0c0c0c0c07090e0f0d0c0e0b0c0c0cffdb004301020202030303060303060c0807080c0c0c0c0c0c0c0c0c0c0c0c0c0c0c0c0c0c0c0c0c0c0c0c0c0c0c0c0c0c0c0c0c0c0c0c0c0c0c0c0c0c0c0c0c0c0c0c0c0cffc00011080014001403012200021101031101ffc4001f0000010501010101010100000000000000000102030405060708090a0bffc400b5100002010303020403050504040000017d01020300041105122131410613516107227114328191a1082342b1c11552d1f02433627282090a161718191a25262728292a3435363738393a434445464748494a535455565758595a636465666768696a737475767778797a838485868788898a92939495969798999aa2a3a4a5a6a7a8a9aab2b3b4b5b6b7b8b9bac2c3c4c5c6c7c8c9cad2d3d4d5d6d7d8d9dae1e2e3e4e5e6e7e8e9eaf1f2f3f4f5f6f7f8f9faffc4001f0100030101010101010101010000000000000102030405060708090a0bffc400b51100020102040403040705040400010277000102031104052131061241510761711322328108144291a1b1c109233352f0156272d10a162434e125f11718191a262728292a35363738393a434445464748494a535455565758595a636465666768696a737475767778797a82838485868788898a92939495969798999aa2a3a4a5a6a7a8a9aab2b3b4b5b6b7b8b9bac2c3c4c5c6c7c8c9cad2d3d4d5d6d7d8d9dae2e3e4e5e6e7e8e9eaf2f3f4f5f6f7f8f9faffda000c03010002110311003f00fe7fe8a28a0028a28a0028a28a0028a28a00ffd9656e6473747265616d0a656e646f626a0a38302030206f626a0a3634330a656e646f626a0a34382030206f626a0a3c3c0a2f54797065202f506167650a2f506172656e742033203020520a2f436f6e74656e7473203831203020520a2f5265736f7572636573203833203020520a2f416e6e6f7473203834203020520a2f4d65646961426f78205b30203020353935203834325d0a3e3e0a656e646f626a0a38332030206f626a0a3c3c0a2f436f6c6f725370616365203c3c0a2f504353702035203020520a2f435370202f4465766963655247420a2f43537067202f446576696365477261790a3e3e0a2f457874475374617465203c3c0a2f4753612034203020520a2f475374617465372037203020520a3e3e0a2f5061747465726e203c3c0a3e3e0a2f466f6e74203c3c0a3e3e0a2f584f626a656374203c3c0a2f496d3531203531203020520a2f496d3535203535203020520a2f496d3539203539203020520a2f496d3633203633203020520a2f496d3637203637203020520a2f496d3731203731203020520a2f496d3735203735203020520a2f496d3739203739203020520a3e3e0a3e3e0a656e646f626a0a38342030206f626a0a5b205d0a656e646f626a0a38312030206f626a0a3c3c0a2f4c656e677468203832203020520a2f46696c746572202f466c6174654465636f64650a3e3e0a73747265616d0a789ced564d4fc3300cbde757f88cd43649db243d0f098104d2d40307c4611a0384b641d924fe3e76d38c9492b5db50b9906de9e2d87efe489f925c943378da403229df60de3c272513c0f1130990068cc860be6215546ccaa638578cc73ae776d48adfd7a8ee3c5ac166be6689c56256524e6e10e503245ce1ef1a252f70778f8f87068594562c4f4d9c3bc74b7fa98d42c1d793b69fd9ed19ac7b038cc8e68f638cb2781751a40bee4cd05d96b624cb5a2294d347816f1cdc68fbf82f4d5f69fa226e79eb2cad234505b46ea4b3ab254b5f4219ab666e76c76c4ff5b3f976b65d68723134086100bfca48101c79e27dc11ea9f96324d197807384c1c50a87d1b5a200a1e3b41e0544764b299e06a3d9b96c0851d22c89e020b95ce502e0fcd5567400a0e0595e2ff4b1787907cfead5f5f7f3f1507ba12477644ff13648c53e244d6fc389082a0d21b41239a8490ea75d35a5834894c82f20e8ee39f0110ee97b0020d8f876d74f07727d0fbf9b41fe981dc21d5ae6400789b823f3b8c3de2ff6a19f7c37d89fdab8fc1b17693382ff8fa9ae71b575851d6e2838b2cc91b686f8ce6be7e0c3c08b8eed48574d98b24facf05a4c656e6473747265616d0a656e646f626a0a38322030206f626a0a3433360a656e646f626a0a38352030206f626a0a3c3c202f54797065202f466f6e7444657363726970746f720a2f466f6e744e616d65202f5148444141412b417269616c526567756c61720a2f466c6167732034200a2f466f6e7442426f78205b2d3539342e373236353632202d3239302e35323733343320313739302e3033393036203933302e313735373831205d0a2f4974616c6963416e676c652030200a2f417363656e74203635312e333637313837200a2f44657363656e74202d3138382e343736353632200a2f4361704865696768742030200a2f5374656d562036352e34323936383735200a2f466f6e7446696c6532203836203020520a3e3e20656e646f626a0a38362030206f626a0a3c3c0a2f4c656e67746831203138313230200a2f4c656e677468203839203020520a2f46696c746572202f466c6174654465636f64650a3e3e0a73747265616d0a789ced7909745bd5b5f63d57929dc9c18ea790f13a9e13cfb22dcfb16c4bb66cc9b225599e126259bab264cb92a2c1031988c9e484109294244c4908a48421218198c940a1290f5a68e0514a0b1428ed7b94f25edbd5f6b56f2091fcf639f75e493681d5bf6bbdffffdf5ac98da433ecb3876fefb3f739be14a2286a1eb583125194569f5f94d0bc71178c1c804fdf8063dcfaf9fcbd5268ff8ea212efb6b1268bf57315cc25ed80b1521b0cc48cc63f03fde7a19f661bf68dfdd19b7815fa1f43ff0387cb6cdae39fb89ba292a7a0ef1c368db9a90a6a94a296a6419f719a86d9dcc22f7e0ffd068acabb9d128926d1214a42cd93dc2701a96839f72b7a97b2d24be649e88551621aff137f46e5cdbc4a8df50297f9f0a10c9a7a86aaa598996b92f782ed481a5d839eaea5d0cccc0c458933242f6269542245636325f080b5d11495129712970e5f881253d718d1abd76a25d4558a11bf0aa2a963b072ad641a134be3a4712989c72ed33f914c7ff56fe7f1ec2bf03501b3226ef695cb30a384f14761d56e189f8fc7531253c8e751d127d73ea72f06da24d3e78315e70356cce121a0fc2d502e8ca44c497c489c76eda468ddb5f745bb30f5fa73c198f340fd00e8bd5ae02b45203215c53df086889e7ee35a50327d75427cdb574af18eab3b80f60cd0ae1138036f4c0cdf672ed35f5dbe1c88924c071ea17bbe52d297021a8aa61a667e2bce14d75071540a45c5c7ca4aa549c9498909d151d151a96b3233e2139293a445b25259466646268c359c997cfda3037754d7f847f77f36b9ff85eeaec9dd3d5d0875f5ec9eeceaa6e351c65d23e8e0a1c0dbbed15af95d07d1e22b16abd5faee6b0316842c2c68b77ee6b7a2a740de7a90264be2989760e6e49115832878a445c930971c0d43a92035318a74c913d66dfdd33729eab76eadaa42c519475e576b32b351caeaf2ece626fdd6be5b7273e32e2e2aafb46d2b2e41c949f9cb777d4fd39cb3aeb8c46cd9fa8ec389aa570c95974b0b15d5a9c919851969f2da56654d65f6aae4c4b4b4ea9a81a5edf979282b5b96ba6265fcc2d4e2d56baad7f7f668dbd6e5183b28c06c6fd02e4e011b96525960459c3431ac31512e1394cb8c1325445807a37bcf9437ab6c93b681d2625451e9da7c6bafb2292f4eaf1b1d3376205d87d7d7d91db44b5ededf9e9da56cdc3e71fcccc44e4523ca48af0c5c159d79dbd46fb5fcec4d2bc038e8c03a4c421055910884488e2f91268ac0cf93535353e27f7de79dab89e28cab1f01da69337fa2d74aeea59653547a72546614c1382eb5441a2703b553e308aeb2243a7699a6b2bfb4342919edda75e99967d0c279c909d92b4f9f8a4388592d2d7c98361f40d18ee09d0702dfd124252f5a8c10d64105b1b3027028a214c09ff78ae042fc941473fe8bcee4bc2ab83011a0494ecd10e1297892410d69125922aa627b370e5edcb809a5ada92c6f2a767c684352c5e48eca9a151793cb64b681fd7b8d86ecccb8f98b16a4beb432a9ff35575efed265089595da0774ed192bd04ee39a54a3614fabbc3633332166f1cde9690b87f3aad1ba3cf75277a322231dad660a8a54f9a37fbc5ad75025439f662f8f8b4f4ccfca6b2a2840f9396dd5a380da4ec05616dedd3ba7c8eea6a993b06703301e4bad24bb5688493001f208f4398bc1e6949374f6e1d6a16655ee3a8446c6826f0627d19617dbb479f9eaa29dc17d926914135f28eddde07869c74e14382742a851b1a3b7be362906e3da02b8ae025c9753902751320f6c5c2c17657109d15832060ca5f0b125ba653a7764ecf92f27f7eddff7c9fb7bf7a26bbf5dd0ddb5a7bf5119f8886e8f91754e6ed31b9131f94c77cfa183488c161ebdfbf091e05771ab2f6ed8884a8ad1d1dd0d0308e9f43833ed06155e07e9f1c47a3eb6a3393f4625c6ed7ea8bab4787dcfa69ababaaabc82f855e28cd3eef4b48ab399684ddafa3e4fe0a798c75e48b1bf2116703cf8dd919408a9882094b906f3dafb90ff93be762df873c15462527169934f6710671cbfb0264d56ae966e0d78e93dc365a529ab91aaf9adc04bd833903d3e136760fc534a082af8290127e188e232552984769c68fdb69f6e6ad36764dfb4706a616c99acbdbd51b97a059a7a602a2db5aca4add8471f095cbab3b0312b7b6d964ab98f2e87edc2e91d95017ae7846c9761cd89fe58772e4d111c4827750d07caded38506dd905fd3cc6c7beb84b1e3128a5d92975fbd59d53c85d6e55834ebeb56ac14671c6d2dc84385459dd39dddcf0432e9138e82bc552b1052a91f0e1ca79f1eabaacaca566b0e073e8408d833f38518e7fb041c0129a96010a7087e62211ca232455178e3827ec59c1628f7ec94e729537767b90cf0dabbf7e59707695462383282938bde3fda6184c4ffd78328335ba9b2b0dee01fee3e8a4ea263af741c40c8667deb1fcd66ab0dc7de0b00c31e40389c57e0f3c2952b5744dd57ae5c3b7be50aa0f44b20bc2a79955a4474c37151829192d257a7e4f621fdf1cdee029f78cbfaea9ad54f2aad963e5851053b271a5664429e484cc998951fd6f0f981609c10cde7846871f435199d9ca66fbbff0f1d06b566cb4e4d2b7a61c9b6adefbeb7654b5abaaee3fb0fe5e5af3c7fbeb6dadcd7b7fd073e8f75b045d5daba3ffe6da7c33f72aedb60dcb8e9e17df94505207d78e637921724ef51f84c51921e2764e88c92e239b5868b4be2d2042e33e26812a9e9e143c7ef79f0c30b4ff5f4f4743df6e82f4e4ddcd6accab8905258d4b3c1b9a7afbfa22aa5aca17e62c791ed636335f4fa7328f099a7bc126decbd78e1839f4d3fdfdb232de9dd7077810b92523ad495ba3aedbe93ffb07357ad1ca1a2fc3214073a6a21b27f0f91971ab1e3e3c3fa45f3c18653a50ca25c54f5d4aa91b1273fdab5079597fbbdfbcfb986990bcb6ae4ddfb0c4684f4ba5d838d4ab43bf9b9011b14e105e72626e4b59ddd0f2e1f94959afadffb795f3f92d7821367027056e886388ba61653542a92a254518a283e4584635c444bdfa5bb3e792270ffe90fd19fee6d4c595984f3207a29d840f7a063cf8fdd7907c48b3cd82efa17d03b9d2a81735e781396108c4b32f8bc0f15276aee99a284b7c97a6181b4deb755517f73cce8855f8c8da132997de0e08b5b1e4185d261e783aff846eed3ebb66f35185047d7f898c1d0b5ac3dbda8a8b05776f1003a79e2d3e3b7df06b61edf716df03f076c5555468368ddbb7d7d7db75cf981d96ceac7bb5a8e9ea707e9619ccfe34b5212e574367afe996770b42b67be10fd12ec4fa232b88c1235272e60e7a1042ed90ac54c54c6beb6c33e545159523c34b8b3afa525ff528031768c8ce87506c396716dfb9e93a851b97deb99933b27148aacb5b5f462386d2db96261517fdfeb1f0e5811a7d53d906b6e22d504d712045946865220ad2038dadd83d2506f7ef2cd25681392bc18345e0876c129efcf471ab50f88aec149efadab25e2cfae3260d1b19919f197c0059f45cac355896ca4d08104021ea5706ee1a29caf56e4e12bd6313ae351aba5b25c2a1dd8dda484b4552bdfd47f47f03ba87aa24c0561bb26adb6ee44f01768f8968cfadcdc952bd0da752af51dc1f350cbd6e5f5de62d9a4d34b336fd9749badb3bba0004ab248179724956a5465b2c4781454047ad1bc852b57941637b6d7542e5b0af617404e9826b1874fe225f8fc4bc707578af707974b62ce9fffeadf802625d826fa0364a315e0b94c12f8e441d2780c57bc14714115755b42456e555a5a726ca6785170f8f2276b5357e5fcd354d0214f2bac5edf51121c780cdc189fbe7ce8a695e2acc0bdfe892da3f4d0d51f5e94f764ad451007fd90213e91fc14ee0890a1e26959697a51f8acc91f9b62b930e0ea178e5b33fa871f20d99b671e3676f4f47cf791efbdf3f019bde187771dfcf94777dd5955e3f51f7efbeea3f49bc8f18f57c0e3e79efcf8b30b177b3620c45ace9f7b25f8efc7ef45f7df8b563cbd7777b3eacebb400767b02dfa7dc9fbd446cacf9da638b9dc1622d95f261591c4c49d954a428a84d2951867e1a8d011945bbd4456cac744ac308e435a9634e78c068f785f9db6bdbddb608043b3beedd6718fb14d5bbee6d2a15589f1ab8a3b3737d475181f7bfccabf7cfff2e0d090fdad1ffd15453d75b1fb19e9d66d8f3ff1a74f5f7c69d7ae7a0362c77ffd4b24ff8f375ef39a7efcec078ab539f18b83c9f2da0ed9faea0a597a5a7d83492eab282e5dcd3cdc929b8fe0f0e1704c9c3c7daa4d8b72f337dc1f301db869797c02aad14eee3ef4c891c39d9dc3ce1fbffde55f9f7a0ae7b5eeaeedf661678d1c9597f93c475ffec55f3e41371d3a842cd61f3df966f0d35fbd851213339722cd3eb506a1d494ba3aab6560b2a505ad4e696a1ab0e13d370d5f7ba92be46407756dfa0aa967f8b482ef623773e73dbed4f26715e1dcb3776afbab239d9d19e9531555836dcac655aba0a0fef930cacbd7e9ef0f6ca24fefada94659eb944d5b032f82370d50c1e3a0e22593888a25580bc75f3a9409692e13c6c57295a7a3b478c8767aa4bbabb22225051597d8871efce9f8916964d46fdb6234188cdbb6a936d2ef21d183273a3b10ca2beceabdedf60f8381130f7674def31c3a113c363206e9d386ec6323c8be07b458067b2c162c5b40c570bb0c49c9b95f1487e863815df489efbcfefa5410b2cc7745cf5e6bfe6ef0342da68f0686606507e87f33e8bf166eecdc4d4dd87d1030bcfa384f7267fab858c124541cbeb2e110739f4faaa9eed7d55667672d5f8e4a376e723cbb7dfbaedbdf38383652535d5d337aebe9f30e27fd639dc13bded58d0dddaad3227decadb232b8fac8d73b86362f5ada595cba6bd7079fee9b446acdc1bb827f0e7ef1c8d9cecebe5b4425f76de885bdf5c081ce6e088e4eec61e3cce7e224d0bb4cb85f0a87f2a86819579a8af92a9f593aebd6861d4372496686716a758bcab1bdbbb35db755aa4e58b2d00b62ea1bec766563fc548adfffe4186b911523a9d4727b5313bae3c0cf2e6fdf81762ebdb7be0194d8b9b55d8b50fc49baaa6a9b595e8beaea763153ac595ad2d56dd9d4da9ab7ea964d075fddbd07f9bc10853a1ee5d5900deb407d7ebf93a35014af54027faf82f1f8a8d9953351c45de02286d0e0e6925260fecaab7e3f2a2e1ddedba8dcbde7037c4e40cd4dfda8a17e68a0a10ed52bacb6fa860a9491d6d4a49fc095b5f3f61d3a83687996a665e89473d8b5f994b54593956bea9f7cf9b61d13b77dff607f1f32d8eaeaea6afbcc0df575f5bd815e4d5313dcb8f5ba89096387c180abe969384d403d80d3f95a5289b86dc4db911c9f2ae26ff9a9a942f921c927e534bdff352b0bdbc7c2bea7ce366866fe72d9585ab6362737a5e557e8f4ee9696cccc16cd43c102c97466b6991d3b31e8589191daea0f6e46853b1b152b572c8c0ef84552b472594d55e340433d44010bf97c044e7cd9c2692a2295ce3a4f71272a2e4cc453976b4e9cfafcf7771f53b782231f7af0071f1f3b56f98ad4d47fe471b7270f92555989cfbbe7e1cd6e9a2efce3d6ed50ce9f7bee279f3ff1584f977bf39bb9a79a55eded93fb0ebfb4ff80428136dd82ffcaa49ac915c747c9a942aa926a0074f8f24b32415c4648274845a123689c9025306e892241c3b878a156a3e05e83b1aa66c13389252d436eaf1114dbd77b69f0c48691a5d37185d2aec91c4349315c2c46465f1eb457d5408a956e19b42bea5141d1a1f7a66273d7f69b0eac39526f5a405727caf38d1d8e5747b5f14663acbaff891583e5b2f8c07fa52ec9282e51351b5edaba6dfeb3515971f50d1b3756d7a4a33f5f4d8b69d5f84cd515f8546d82dc9224398bcf2ff854854f4651d1a95c8136899eb973727f4be94d2f88e4b55bc6f789bf3a7fe0e87ffc67f0da0b1f9dfbf7bf7cfeeb13b03e0af05042b4e05b441c1c3dc901488ae2e8cac05bbf43295aa57c135af1ebc073f4b04813546edbe23d842e5cbb14f80e8eb4933333921e723f4a0f475ae4f521333da568f6f9e624faaf277ab6777b2bcb3333ab6b1a9b59dbaee053a8fcb0bebd4801c79b16cd90f65cf0c792e9c4956af3f17b5f3b3b316130e617c141e6fcf265450abff7ece7dbb6ac5d057ac3bd98de01b145aa456a89341455dc1d39391127d8a74f9d420937d7d78eaa372c2f2fd4a7a4a277de11dd7760f360893267dd92130bd09ad4befe03d7acc06f3e8fc302c0210c032d0ffcf027685b2eb326171d783d70198e7f3fdfe11e1b13677fa5c408a8677e234e84cc914695428c4787af2ea511e983c43d3ecee01114259cce856b97e8eaa59bd7350f76d61a0b8a50eda68db64b3bb6a38aea01dbae5f1dbc0ba193935f9e730f07ca507666a352bb59af6b6fdf726b8751ac5f3c58a04605eb47463f361714ecdaf3eefe91d1f5ebd1d9efa2ade8d1cb8f9afaaf7dbab1c3b82e7743efa9e3dd9d9ddd602335f3055d0e9841dd4d04e3d06387825d374b7ef755029ec39f8ee1b55b36dd54f557fcc7e8b9ff6602f86404bb88c40cff0fd6484a83db517c62c74cc7cc13d13f239c22ff9546c190d84b1da3cba957c4ff443d2a31520f49dea01e803e05bf6760ae414c51ebe1772f7a839a84f1346837437b27d09e84760bfd38b51bcfc36767d4e3e4770fd0bd00bfbf844f555439350c3cda24c69900f4eb805e0ebf4aa0bd07781c03b905309f0274e679ab2917ac9de6f975c06719ff6b848f1e743a0d1f2bb455f031c1fa28e89f8435f1d09e0f631aac3bfc4b04bf17500a6a03e581671ff57db834b0680c9da5e3e9d5b49e3e424fd19f89624506d161d1c3a2974457c51af1a4f831f155c93c8835bbe475c907518ba25aa3a9e885d125d163d147a3ff34af69de85797f995f36ff91f9afcfffe7056b16342f6017bcb4e04d0e6b88b211ec3dbe37f75f05fd3d8ae2e6e9656444442817901e6ed3d4623a8d6f8ba806ba886f8b236824d4527a846f4701fd41be1d4d59e807f8f63cb07b31df9e4fed1709b262168b45fb05dd504cdc41be8d28c992fbf9364d452f79906f8ba8354bcef26d71048d845ab4e4477c3b0ae8dfe7dbd154e1928ff9f63c6a69dc51be3d9f52c4c7f0ed98683a5e079c915804b2162d3390b604dab1cbfa483b8a8cbb493b9a8c6f25ed79a47d80b4211fd0ab963dc0b7390cb9368721d7e630e4dae2081a0e43aecd61c8b5a3a9fe15d37c9bc3906b731872ed98c5092b5790f68208fd1762ddd61590f6a288f1c5b8bdae96b463b16eebd4a41d0fed25eb7a483b21823e91f071907652c4f8cd642d87c37242b39fb45746d0ac8e68a711fafb487b2d693f4adab9a4fd2c6ecf8bd07f5e84ac4511e38b045b1ea318aa081029a464d03250368a855f0de5a29cf0f151e3949b8cd443cf036dfc6d82713ba1c8831939e58087a174303600eb7d9497f458f865817a04be2d8432069e26e8f5c3284b8dc288967077825c418e1ab88f036f3ff06180af0b78da2933b4cdd076c39c27248709695f4049a19511eac9a81ca2830938b8819601b92690837998a9219eb6197a3618c5b37ed0d11bb209e360277638be511f2bc1828193ab1d2c729051134162b68d1c1f176f2943a4f861d64cecc53d2bf01e85b51e32e2072a0b418e8171c11f2ad009a36327eb9c04db4ab29e25142c350c3231d216f2cdf01a09b40c19f7c208c6cf1df260d80e3cef032decb0d20b28c80925b608fb7200f472101de7c646450425338796a1b280de4ea4ba42b6665346629f37a4830ce4e1180c73d280bd917c051c4d04151c83166233963244f0b5fe5df1fb75ca702c3610da51a075824d385aadf0d879cfe5126b5d80ba9dd8d04a666c30826df792086c23b23c64c64e74d7c377d8c3d8a242aa1cee6b45d7c1097bd70fbab8892f39af5a89be3e12a5dd24921882c238891cced3be50f40ad478cc45f6108e31ac134bf4b3103a371fe539045f2791e3265a736bcd3c1796ef9b086f37b16018a87c640eafea277a08513b37027dfc0a6e3f78be36620dd99013ea8777c0d7d17193be05d698a19fc3ef069c7138b9392139732de03c364a703293fc703dcc46794bed247338488e1072d95cecf11a076965017df6ac1d797dee9c0e7f2fb691fb5d884f0fd9e142bc09317e3d0b04e95fd7ab322206b0259c2d3e224fd83d1e9223c649fcb8002527c98ba66fb4948b3dd3aca8e2f29b8bffe6ace2da38d3baf97c8bb515bc29f0c19438ab7f5b8c7275c9c97b26cc5dd821761e650fa90076b2877dbc6f719512f28895ec6607b15240797654e710cf9848dbc2c7c1d7f3f6dc9d9045ea17b6b382ca878725b908cb1822d999255e35c1184668002884b97c9ee7a639b5209bdfbde16ce10d212668f37f526dffc6eac6ac98c3432df0605686a27910c6383f0951c392538183af8ae1e8feb68a2d44e537576decb9b6d0cef146d417cedf5c14b0bcac0112cb4edeef39c4660f5f4db9dc83338389e0cff95988632eaedc7c06e724e03ac0554f6728524c54f8d432379ffd0ff822849089d8eee26b8e903f2c64c40fd8707b245c051952d51c7ccc64093a7eb36f295cc7669d5bc0dbd9111859489571ccca335fb7f15bf891ec6b27eb04eaeb67b79c39d94dc07eee6a8c1a974f23ed16f40a9f29c3bb265c89041fe6907cef2252aca13e1b1121386f711ef202b77085e5b4ee27bab07ca5f2877c19994b381fe6f31ef7925de208e920ecebd9b1f4b7a31a59e1392b232bcdec980e23314a701cfe3bfd2854037ce675f2c8b0111a58c8379619c6651028cc11b5c3f72df998cbfc16628150f12a666571137074918c73fd5b0477fe13aa4c181fa19285318acc29b3577949aee07cd5cfdb7dfd9a6bfa068f7a42d67b49943a09776e17719537b2a2ffbd1120d4b7264a4166b594127a9d502d7564440563f8dcaa831923f41a60b40146328142cfcf67124f75923ad404741da4c6713c74f0dd0afd6e92e3941443fab8d702f4adc00baf55505d448602b8e909a58ef0d6c0a81a7e153c1d5e510f231dd0c7ed4692053979adb08abb13a9f89ac8696a80712664e16cad5444a2a099067a3ae0dfc4cfca81b78af0c3fa63f94ad26e0de9a9e43595138c3067ccb31e3452931e1eed80df36a0d313f9726233a76d2bb14109f39c2d0aa201969cc7dbcad1617c8cfc0cf611d64f0d4fd82a39c1a0896813c6af1e7edb4073ccbf11660da44268616503b1544fd053f098616bd5a417b68af3543db106a38a316880b6063e8d21ec74e49bd34517c16d36769d643e4cc5d927e7bfeb09725ad2e3bc514f7a06e22b3c9bc3fb5247ec982bb59344a28250c989c5fa50842849f472da0bd1c9c9d04668c2c9c3be8dd445886ae65bf608c74598efe03dfd755c30ea728209d64b1f92fc4d9cf31e638a0a0a658cc1c6321a97d3e51b77b34cbdcbe376794c3ebbcb99c7c81d0e46671fb0f9bc8c8ef5b29e11d692c7c4c434b1fd1e7694d1ba59a701af519bc65d7e1fe3700dd8cd8cd9e51ef7e0350c665f206532f08f2c87d1991c6e1bd364729a5de621186d76d99c4c93dfe2c5920c36bb977144f2b1ba3c4c9dbddf61379b1c0c2f11685c2094f1bafc1e330b3f56dfa8c9c3327ea785f5303e6c87cac0a8ed66d6e9652b192fcb32ec703f6bb1b016c6c18d3216d66bf6d8ddd84022c3c2fa4c7687374feeb19b1c3a76c0ef307904342ac820c38f32591abbd9e3c252b38dacc78b39c8f20a0a0991c6c0d1828a26c6e73159d8619367887159bf19ded02001b1c1631ab53b0718add50a9a32b98cced56f7732ad76b3cde5307973983693cf6337db4d8cde44ecf53285e56545219518afdfed76d8c152abcbe9cb63ba5d7e66d834cef8c1661f46170f333e1763f6b0261f9bc358ec5e37209ec3989c16c6edb1c3ac194858f835791937eb19b6fb7cc0ae7f9c202be0e783097083476858b1841cfc4bf00fa9e3f6b82c7eb32f87c171036b73f01a410018366a03cb22341b05a176a7d9e1b7e02013b477391de34c963d9bf363043970f8366d39b7633c3dac17e386110f0bc0cb43bc2a0902597690e26387b17b3c76906a718d3a1d2e9365367a260e2a083730c705a2e0dbef7343d85a586c26a6b1b10ef76c44612b39c77972ec106008f8d8ecfd76d0392f2606c788d5e570b84808f050e730fd262fe8ea7286425b704296cde77357e4e7b3cebc51fb90ddcd5aeca63c9767201ff7f2817213bf09b2c1bd242cbc5831cce6fabbf67abbed273c851a53bc87611e74814d181a768475c04e2470cfded718ca593b3b26a60d3bc74bb60bd80d10b0b06ac06302642c398cd503bb14a2c76c337906c0668c3160051e85e58cab1f76a713836222994588b3bfdd0aac90c9eb75c1cec1f1617199fdc3e011139700ec0e40260b739c652da3e753cb7bd944230b8bb736e787ebd231a3769f0d0f47845b0e1f6e587b61da618738e564635e1e2eb98204b289b08539ccb0cb62b7e25f9600e2f683415e1bd9b0c0badf8f37af170ff2510216e683e15e16b23570c0bee651baaeaadc860791dca6e191264a8cda5cc3df6223de067e8f13946109038b0b5230d1659035fb84000bc73104bfc54e365e0517e2a67ed7081b512120ffe12d43f4c19bcc1d8e147eca6b338155fdecac9d6b8a30d483c57b7d104c38fbc2e6e536fab70180f75b9382d16b95864eb94ec1a8f44c9b4e6b5435281a984cb91efa99394ca7cad0a4ed303040a193b71aba19ad9291b776332daad6861c46d1d5a653e8f58c56c7a8346d6a9502c654adf5ea8e06556b235307eb5ab5508854b01381a941cb60813c2b95428f996914bafa26e8caeb546a95a13b8751aa0cad98a71298ca9936b9cea0aaef50cb754c5b87ae4dab5780f80660dbaa6a55ea408a42a36835e4815418631446e830fa26b95a4d44c93b407b1dd1af5edbd6ad533536199826adba410183750ad04c5ea75670a2c0a87ab55ca5c9611ae41a79a382acd202171d21e3b5eb6c529021902787fff50695b6159b51af6d35e8a09b0356ea0ca1a59d2abd228791eb547a0c8852a705f6184e58a1254c605dab82e382a1666679044870bf43af08ebd2a090ab81971e2f8e24ce83338e8bdc974ce4a6d64f8da318b8790cc2cde54b726b12e6f4fc3dc742ee2616d17da2a7442f8b5e81cf0ba269d1b9ffcbefa61690cf8df753fffbde4ffdcfbd1bbaf146e6c61b991b6f64fedfbf91e172f38db732ff3bdfca70debbf166e6c69b991b6f666ebc99999bcd6fbc9d99fd764640e7c61b9a1b6f686ebca1f9ffec0d4dc4df364ca44608fd5f412ff2ef1eecacbf6e90bf6fcc9a87938a7895b850dc226e1457c377f92c4e4e58df0a7423e40ccfe5321bba884e8b28925bf1ddd7436ee25806f5dfa2c66e6e656e6473747265616d0a656e646f626a0a38392030206f626a0a383133360a656e646f626a0a38372030206f626a0a3c3c202f54797065202f466f6e740a2f53756274797065202f434944466f6e7454797065320a2f42617365466f6e74202f417269616c526567756c61720a2f43494453797374656d496e666f203c3c202f5265676973747279202841646f626529202f4f72646572696e6720284964656e7469747929202f537570706c656d656e742030203e3e0a2f466f6e7444657363726970746f72203835203020520a2f434944546f4749444d6170202f4964656e746974790a2f57205b30205b373434203535322032373620363036203636322037313620323736203731362035353220343936203535322032323020323736203535322032323020363632203535322033333020353532203535322038323620353532203237362035353220353532203737322034393620363632203535322033333020353532203832362036363220363036203439362037373220313030372032373620353532203535322035353220353532203535322035353220373136203731362035353220353532203636322037313620323736203636322035353220323736205d0a5d0a3e3e0a656e646f626a0a38382030206f626a0a3c3c202f4c656e67746820373335203e3e0a73747265616d0a2f434944496e6974202f50726f635365742066696e647265736f7572636520626567696e0a3132206469637420626567696e0a626567696e636d61700a2f43494453797374656d496e666f203c3c202f5265676973747279202841646f626529202f4f72646572696e67202855435329202f537570706c656d656e742030203e3e206465660a2f434d61704e616d65202f41646f62652d4964656e746974792d554353206465660a2f434d6170547970652032206465660a3120626567696e636f6465737061636572616e67650a3c303030303e203c464646463e0a656e64636f6465737061636572616e67650a3220626567696e626672616e67650a3c303030303e203c303030303e203c303030303e0a3c303030313e203c303033353e205b3c303034433e203c303034393e203c303034363e203c303034353e203c303034453e203c303032303e203c303034383e203c303036463e203c303037333e203c303037303e203c303036393e203c303037343e203c303036313e203c303036433e203c303035303e203c303036353e203c303037323e203c303036453e203c303037353e203c303036443e203c303036323e203c303033413e203c303033313e203c303033323e203c303034373e203c303036333e203c303034313e203c303036373e203c303032443e203c303036343e203c303034443e203c303034323e203c303035343e203c303037393e203c303034463e203c303034303e203c303032453e203c303036383e203c303033303e203c303033343e203c303033393e203c303033333e203c303033383e203c303035323e203c303034333e203c303032343e203c303033373e203c303035393e203c303034343e203c303036363e203c303035363e203c303033363e203c303032463e205d0a656e64626672616e67650a656e64636d61700a434d61704e616d652063757272656e7464696374202f434d617020646566696e657265736f7572636520706f700a656e640a656e640a656e6473747265616d0a656e646f626a0a34322030206f626a0a3c3c202f54797065202f466f6e740a2f53756274797065202f54797065300a2f42617365466f6e74202f417269616c526567756c61720a2f456e636f64696e67202f4964656e746974792d480a2f44657363656e64616e74466f6e7473205b3837203020525d0a2f546f556e69636f6465203838203020523e3e0a656e646f626a0a39302030206f626a0a3c3c202f54797065202f466f6e7444657363726970746f720a2f466f6e744e616d65202f514d444141412b417269616c426f6c640a2f466c6167732034200a2f466f6e7442426f78205b2d3536322e303131373138202d3333362e39313430363220313739302e3033393036203934342e383234323138205d0a2f4974616c6963416e676c652030200a2f417363656e74203635312e333637313837200a2f44657363656e74202d3138382e343736353632200a2f4361704865696768742030200a2f5374656d562039332e37353030303030200a2f466f6e7446696c6532203931203020520a3e3e20656e646f626a0a39312030206f626a0a3c3c0a2f4c656e67746831203136333132200a2f4c656e677468203934203020520a2f46696c746572202f466c6174654465636f64650a3e3e0a73747265616d0a789ced590b745bc5999e91ae6c136213f99938713c7eca0ff91dc7ce3b922cd98a65c99664274e429c6be9da56224b428f18130821849610600921504280b6d06e036553fa08909692b2942ddde574b7d052ca72ca61b70dd0962dddd32e6d6279ff99b9570fc7c96139a7bbdb73921be9fe33f3cffff8fec75cf9228c10ca42fb911a2187aba9b520b6e36b3073277c768efba7c7f2c606cc40ff06a1abdf9d9044aff4a4f5468416fe33ccad9c808985debce5086567c1b87262327afdc18d57ff078cf530bed11ff488754f3436c1f82b30de38295e1f421568238cdf8331098893d2d2ce9fc410ca81fd2da7905afdbaea3b4883b234c7356d08e1a5fcaefe1734a6cacdd2a8aece1454f49ff00e6a9c3d8baedf0652ae820f72f79908826bf682e6b5f8006ecb5c8fbfbe11e1d9d95984846acd19aa0d15201575560317789b895099b64c5b055f1809e802519fbdb05183ce23229c4548858ec1ce8f61672e2a43a84d5b468a0a8b0a0bf23333e85551a1d56adb5a3b5676ac6cafd6c155710cbf85b35d370d0db6b46eeaebdbfd83ef7df1d49ad51565b8b1a9a7fdf39a3385e593c153b76fdbbe62e5a28299378417e33b8b0a5b5b0c8ef6b69c05545bcfec7b42a3b01e35a0f5e0b70ee476143285ea7cb895511d546db9aebabd9a6a85ab7d05a88549cc2c2a02be0e6650079666eb7dbe1f7dfbda6dba2a75cec2eaf807572fca52f5385ddb1fdf3182f5f576dbd197fa6a6a03bd75f57864652c56d90993669bb955bb00abde6d3cbec98a717da3c9fc4cfcd93b8d5dbd4b3b97647597570c6f39b4b5db525d595245960d5494e365a5f1d772971417e9d6aea9d7e3d6aace4a0961543afb9eea88e66154025e145468a9f185805311339d5eedda8af6b6f62aadea86b31942416e896ed3e2d11bfbd6ae5fba7cc155b7dc828b85ea77e2ee5bf38bb27396febcae78496d8db9e518fed13baf3d1e3f44713a0a72bf0a5161f1cb83f861f81cc54be2e7f012e13416e217ce6f12aacfff9cf21a66cf09d580e912540ebb34143f010c580410b51615aacb0a396279347ce580a0eacf78714724762afec141df1d875effeda1db35331bd5868da3c686069d7aedbac1ed6bd7a9b0b3e921c7003e7de46d9c75ff7df8c423f1efde64eec69595d83f6dd860ea0a832a740472671834030a6565da153a5903e8006bcb0a56b6b516f1e80ac3f173b9b935b5ab36ad5a935f84c10bcd1daf5fdb67abadd65ea35afed5b696926535b506e3d7e3a542f5896f9655b4b51b8c7ba906a84ffc4d8603cd4ded9db84673e6cf16bab2185cff95e635f01ae5b5b5af6019d15a94c90c28286883a094692b169f2859d6678b4d45abbbd6ad5fb2f4c73f8e9f3b2154f7df6632d6d5e0ca97162d2b19e87dfbc2336a2bc5d109b9791cbcc983da45794c2275a0404e485d75553e0bf2ca0ed94fa7b96bffbe13bf7be8383efef0afef3df8992e3326bdbd81491b2496d53619e8ed55951f3e78c0623ef1c887bf7ff851a371ffcd5f79c4ed76bbbe7002be07a9179f8512ed603a29820019e82ca45eb064d7e2cf53a84c2b5798770e6fee5eb7b6a6ae70b150fdc02ec8cb157f68c4a5658343f1df5339fb10caf81cc86906cb15e0b92c7a011489d01468954865c8c37d587df8ec586f6fb36560607b6ca0bf76190dd032ddc09a15ed8545f173d75c534a561a56b417002d541f39595737385857871b5bb6991f9819568d3cdcb4b6b2d2dc7d2cae52598e37ea8b0a717985d1f8e0cc05b00bfaa3f01cc48f77a1f6b202c8e45fc4fb84bbe276e1c58f3f3ebf1e7892b9ce620c59aec4589c3da7d901312e53f29ae8aab590d7ac49696497b42a9edfc2065c6a7cf0a15fc7dffaf6779e7f1eafc00b4f7a5be36f153b5d7b1ef78e61c9f385d8905bb574db4791d80f5ec6db70e01f7ff8e8c8294bd8688cc5e27f8e7fb0670af7f652adcd504f8b00cb16c0b28a164fa1dcfd2a795762a02ada0b32e414a7e665e8aa9b71b1b6b3c3e3efacc27905d6f8935bf7e180ff576feef6d5c6ff2bb7b1794bb099e092aa777fb1750b9edefbe1cf6fda8f9bea5db57a8c6b97359516e6e5f6ae1f3c7e686407b6741f6e59575e565a54bebca0a47585d576dbbd3e1f1ede0c79fa0a18f9ae509dde1b5ee1bd419d4def17fe937e535fe05411166acea22a1868cb7843e5ced0e857f1a261c6cb97b0f0826e51bfe3b7cfeb57e396155b86dbda33e3ef2d3978f0e59fdd74232eafb2b5ddf699f2ca42ac899f3ffa99836f3dbd616868475b0bc62bdaf72e7b4ff2e258ecefbc5bb689c6e91b6a6aab40ffb6d95f09ed9a2fd3cec4b0a4e52337745d1e644426d79fcfc1db86172f5cb3dabe79fdbab5eb77de30f2eff7a8cecd7ca8df317ae6d603be7b66fee9e6fd78ba64a4a3b3c772e4b35d26bcab4c753efea73f35e2db0ffdecf45d2f02ceb48a87207a39e0f13548073e83cabc45bc7e69e214f1b25a24b76b703f4f456b41d5fa93ebefc6f74cfde48d03b7deb3e7a76d35b50525d094756dadb5baa265182f29d6d56acee207be191f898f7cebfe2f3d86ff163f72fafef7a102dd81f86c3cbe73b49494950efab10ae3d19d65a548c96bbc2425af7954d4c832db262cce68060b5bd06a84aa6875b216d6de5640b329b35aa7554ee1820a162e0a5e1ead577ad468f368e06815e3f7bfbf75fbc4d853471e19d9513c5324fe6ef3e6c9c0df1f79caef5f8e358bf4f51d6bcb2b48a9f1486f5323d6d50ebf891feb88841e7becbaa0d6e3c9dfb2f5feb23d75f169c3f8c4174fefbd69e9b74f17f8fddf5fd6bf7a8d80f39b9b57b737342dc55bcfff2c7b5547afb1b5b918d07501ba227b5a28a71dab5dce7aad8a25123c62282d921a07e52188f1f3862dc35b9f39702bde7ff38b4fdf8a97cce43699f68a103fa3715c32769dd85edf808f1dc55938e7aec3f83ed5a20ba1276c0197f3f167061cd8310038de4b4f19d049cf5a6de24c2952fa982ed1d6f093b73f2fdafb6a75d76443075ba4d5d5aeeb5ed9b9b8387e4e7366e6978f565675ac3299ef9e39a26af97263c3d225d0a64c96db667e431f9b54e870dc2f3c00559f8f2a790fe5a5a185ecd1d1ee2ffb56c87da3a57f1867b46d1edafdec815b0edcfaecb0a5c7010558d86d19178d1bb1a96b74c2d405879903aae3c8bdf178fc8f478fe18af2a199f7d5cf7d637008f7dbbff165e780a31ffccb890f084ea8e722aa372faf0c2bc50859ab63dda72307d7c73fc615f143a66a5251a7df60700cd89718dbc5e646789098c951fdfe82eab96b5b5a4bc822adf65f73305eb36a98fa449f025f60dd77018d961a2e5c96a7566b5e887f77ffcce9e9f8cbaa357855dd0f5fc67df16f68ce5cb8434566de817d6eb068276051833a112ad2248aa5bd3d4397c11f2da009b6976995c744423b639ef2682607651a1b3297d70c4d7656e667ef3bfbc68da3b7dc7cf6a55b706629e9e8bc76e4eef847a1ebf08c71a338de6dc1d8641e1fdb68b4e83a0b969715b4968f3cf414c6a7effe29befaaebbf0578f5de8feceb53b56b42f5f7eedb6bfc9561d7ca2af1f0f381efd52bf03dbfbc1defb6667353c2bab2886ca53876c9dae0ccbcfb0bcf7b0eb3e55c9333b6fd9beada5b9a153b21ff03c36f31aae797b6f674f7363e9f2e5cb577638d77f4b736659b5387af8ee574f1ff8c2686f1dc1c28b17da73b4fa7a8ff8e4c9eddbdada72b331c4cf0d35b101d062a754cab1c072851e5b347ff254fc51576889ff3aa7a5d5b16bdd066cd8b0dbb1a2ad00e7eba76f78f5fd3beec4f8cec3bffd5e34acfa4dabb3beae67d3c9e7ed76dcd4106c7a61e7283e7a140b38e3be23183bdd34b0987f4ee53fdb3c72cdda3fd01f3717ff8b0f647c0efa0c46198929d8a35919df07a7139add3fbb3fe3734c52eabfd20c98d20ca163420459554fa052d52a74146883f06fe808d0083e77c2fc62183bd525e8b39925681fd07acaa7f90724026f33acbf02f736f86c83cf902cc3027c6ef8dc0b9fc330ce017e44e7e07e1f8ce1a1087ebfd8d0d7d03be88fb80d7be1ba0e1fc7afe38f555daa219547f588ea43b5a0ee52dfa47e51fd23412f8c090f0a3fd5a835a59a29cd69cd47cc9b52b481765d19a5b9ff5cea0f10e2ebaa6236a3669c0bd888d22a94a5aa9469355aafd2cbb480f255eb655a8316ab76c97406d007643a137955c7653a0b9ec77264fa2a74872a2ed3d93982fa76c5369cadbd53a601f6dc07655a8584dc47645a8d4a73bf28d3025a90fba44c6bd0c2dcefc97406d0afca74266ac97d53a6b3d062ed5199be0a99f316c87476a62acf0192b1a0065d39c503322da0e2e211466b607e41f1b44c0ba8b0f8564667c07c46f183322da0dce247199d49712b7e5aa601abe2e7189d05f30b8b5f9569012d2e7e93d1f08b56b5bcf82399e6f8739ae3cf698e3fa739fe9ce6f8739ae3cfe94c345a728d4c73fc39cdf1e774764e7ec9758c5e407dafbf4da6c1f7faa38cbe1ae673eb9f9269012daf7f81d10ba96df56fcb34d853ff4b46e7c0fca2fa3fc9b48096e9af62f4222a475f25d32047dfc1e83c8aa17e50a60143fd3646e7537bf493320df6e8f7321a7ed3a37cfd31991610d19f647421e37f45a629ff1b8c5ec2f83f9269e06fd0307a298d6943954c434c1b9a185dc262fab44cd398f2d895327eb34c537e9e339534a60d924c434c1b389e75149f8643320df8341c61740393f32599a6724e513a2b05ffac14fcb352fcca4af16b610affc214fe85297159a8c4e52422a81532a0057500e5461348827b1f0aa2007ca2681a85d88c094661a0e9b708f33ec6d1082b06e4878b2027cc8dc3fe288ab091047709b8f7c0b7977166c3d503a3519895d014cc3898f400e855f4d840fa34c88e811c02728320d3873c407b800ec15a38a18724ac6f86677882aa13a30ef84d456d104142087809e815410f95e141bb65de4d309a8059ba1a031b23099f280e3ee687ff92f68c312c0832c2781456e8acc89048f791cb09ca9e12a62506ab1ee62f1d8d81ec29d81b663331e0f232e408cc2bf1b0824d141d1fdb1760d8ae61fb25c621a149d04991f6b26f225ba4f012361f81198a5f2811c1a41f743d0a56f86067045030304eea911138fcb03e372b56a7f09004178127a23ea63b0c338a7fb56888f91449e8ed001d34ef92321a5234b9d3642b288a0c139a815ee631c56c374377ec5365efc59cc94cec62bc53c01b8098d35c1d83cb27c7ad81e5571030f7316fec6c6582d92f82ad34fffa99ae305bf131db5df09d8c2ff5a805ad82e7c7d67910a3b18d812d2116491ed331666f94e5e830cb23c250986679c3e31c4de4aec24de782ac826886519b24669f97f185e41cd7337c034c4f8859cdf77a6429923c1699ec10f36012b8a26c8dee1a657628393b37ffa2f20e5e0de18b66c6123ee813e364fe5f8c4e888dbdb0c70363bd5c0bb4df70bdfa849eb91ef0884d319c3cac3bcc87d994eca98ff50d3feb104a279b8b3ddde367540df0d7a6d5e3fcd2b90d9f16dbd46a57f233ccea5bc93725c7e7f340d17eb15d6b5272807ac27d89327d4af58459879866f913049402ac2b8a97f494e79e989655bcbb05e56fee15a7699f0dc9dd965aab4453914339694fbf5c8ef25329204726295da9109f8c7298f57f1fabe1a81c5b7a46297d648c55b39f79a9a09c9ed57a161991d15e390f2eeeda732ba1869d5ed4cfd5a8092e89f522aa6337ebcd128baa087314a171e050d69a649923734e825ab97a93dd2292404cb1e67f72d67ec2b38d2c9b23c3a6c82025896cde05733c4e4ad648ec99c02f9f89c9ecbedc79ad64e5a5cf6c1ab9fe44e544524e1a1e6f9e0592ac6b9ce572408ebb9ef91c96cf52de7b68671019fe3cce4a1ef3bc0ac91d9c6ba0e7003f3b03894c1151f299656e3ffb0bc4228190c87c0fca678ed23fbc6c2606d8f01a499e82849d6a7e39676a141b2f1d5b44cfb1b4a71688766d0a465e76caf8d3faccc53e5e461eebbe3eb64fe19ebfbbe9e7743705fbb9bb296abc9fa6faadd8957ca24c564df2245262a867fd3ec8b48c25c6524a86d0bec523140169c913965b3dca6c91e4932a9688656a2fe1316c92231e6155e24fd8a0d4757a2e7d7254534f78ee65ea49939ed34924a6188e939f328eca69409f78033232528a055ef64d752671d9051c9e94b3237a997ecc3bbf9779a09c78abd3bab8081283ace3ccff1b823fff29a74c121fe5244b6294da53d2774558afe0b11a95fd9effcc152f11d170c2fb08cbd20093ceab889fbca927faa7cd00e57ceb4166b6ea4016186d86d3d2c966ac30479f5b9db03204a32e98ed82191d70b8e4751d8bd466760ef500df203be3b80c277cdb613ccc7a9c051136a6a35ee0b7832cbad78cb6301d6690e6629c4e26bb0f666d7037cb7c7487096606614ce96ed605b93e3bece2bf88acf299c82d75c33c4978986e959569542ceb839113e4f7c8ab06906d65f2a8fd54bf85d1f6849d16d95203c3884aa6324d60918d8de8ec20dcfb81cfc5f41b98cfdc5a3bf3c102ebdc1733b3806a6e947de57c149f217985c688da67832be9958161d0c3ac49e267827b3f584ee577c3aa9b9d100ed8d9c53c7531f4cc3266d45b1b1b25bde29132316f28aa14832ea0fbe0d39dc0cec9beb92dce1469e9d86d66eb492eee9f41fe3631e41c6cc4a3616223378b155dd5cbb174323fe66addcc32d1ccb80ccc635722432c2c7bb9f54a76721d8e144bb83e1adb545b94ac2697a9112e45591f94237d312e147503c384dae54a68be94e4c693a4b5b9a583b82724d2170c04a3d321899882e150302c467dc1402331f8fdc4e91b9f884688538a48e13d92b7916467f748a361698a384252c04df7d8c4e9602c4afcc1719f877882a1e930dd43a8f8e636524d6f1d7ae214fda109d223063c41cf6e98dd149c08909e98374235b9277c11e24f9533160c13a36fd4eff3887e226b049e20282591602cec91e036169d12c3128905bc529844a91f5637b1f93c522022ad21114922d2e4a8e4f54a5ee2e7b3c42b453c615f883ac87478a5a8e8f3471a0d619fe83706fd5e058ad56c86d02952d3e7f38483545fed90148ed0bd1d8dcd2d8ca3816d72736eb05024d1b0e89526c5f06e121cbb34ba8949866157589cf205c689636c0c0c250dc4191cf50588dde79908fac5889ef48bd1b0cfe313894b64ee4648cbaaced6845d24120b85fc3e70742c18883692e1608c4c8ad324062e4729b8749a4483c41396c4a8a4275e5f240480eb8918f09250d807ab1e6091e02e4648480a4ffaa25110373acd8055e08bc2024421ac106354839ede19fc097342e1a037e689ea094d1bd8aba77b1405e0d8d404789662d91428f5053cfe9897e698627d30e09f2635be5a1ec614769070396b79d4299e61294271a3882715d0ed09596b1802353ed01295266978c23ed0ea0d4e05fc41d19b8e9ec8a1826c037782a00abe63d11064ad57a26e529e09c91f4a47142a29302db3d3808040c067c237ea039b1bb3b3698e8c05fdfe204b01196a3d191523606b3090c86c25083513d1686875539314689cf2edf68524af4f6c0c86c79be8a8093847e41aa885f0b2b48850c3a898f98b76be62fbb1cc61a31caf51987705c1270a8db447f2432132b8d3cb9a429956d8d9d9fd3438115633e0374020c1aef1b008c878f5642c0c450ad9e39910c3e3e033c518b08288c276121c85e20c505044d658943cfbe45e5083c44824089543f3c31bf4c426212222af7f9f1f90a9a112d3bc252eb9b3bc56cb2cf24ab4b4791ce6e52353bee8049d4e4937bd9c6ed47a65d9ef833ce5baa9ac30efada0811511f5504f26835edf18bd4b0c90500c1c8a4cb08205d1a3315abc113a29670978d8048e472468d62081c65a46695e5379c1834a5e3432d2cc88a989e0e4657ca465100b07c0188909f006a103335b76499ea89260c93c86e4f7fa58e1ade6292e8e06f748290704f43f5a32cc1e5a64a164a6c84b910911bc1a95d22a574c71344cd547a2904cb4fb42f1f242bf1c00b4de7accc4e5b0b8371b9c666275917ea763c8da65ee223a830bc63a3dd96c75f73806dd04389c06bb7b98382cc4601f26bd567b979e98b7f43bcd2e17713889b5afdf6635c39cd56eb20d7659edddc408fbec0e3887ac508920d4ed2054a12cca6a7651617d66a7a9078606a3d566750feb89c5eab6539916106a20fd06a7db6a1ab4199ca47fd0d9ef7099417d1788b55bed16276831f799edee46d00a73c43c0403e2ea31d86c4c956110ac7732fb4c8efe61a7b5bbc74d7a1cb62e334c1acd6099c168337355e094c966b0f6e94997a1cfd06d66bb1c20c5c9d864eb36f798d914e833c07f93dbeab053374c0ebbdb09433d78e97427b66eb6bacc7a62705a5d14108bd301e2299cb0c3c184c03ebb994ba15093b488000b1d0fbacc495bbacc061bc872d1cda9cc8df08823b13faef09709a97fc44f5f89a218ce869f33efa7f12467c7d8cfa6d4353e6361fba3692bf29cfa76f5f3ea97d42fc0f7d3a9eb69f3ffbb2fbc16b0cf95975e7f7d2fbdfe72af9caebce8b9f2a2e7ca8b9efffb173dbc375f79d9f3d7f9b28747efca0b9f2b2f7caebcf0b9f2c2676e37bff2d227fda58f82ce95173f575efc5c79f1f3ffecc54fe22f23be4bfecd84afd0e740da73f6b0a7ac28d47e2aefc5abddec992792c6a5cc59d0fb30de8dfe08fcefc35cfadf53d2d7943d11c4fff6129c576272758851a93c7ca6878df6b0bfe4a4afa7aff4b36e16669d91f7bfe934eef9d653910a5e12c3a0502aac17d6082661a5d0296c14d609bdc2aa54ee79d7ddf3fead2a39db4b67700bd0a9ebc9d95ed687438068700e47621e6bd1bbea0a387152d6137336f929449c136f65f6bf01471b04bc656e6473747265616d0a656e646f626a0a39342030206f626a0a363334370a656e646f626a0a39322030206f626a0a3c3c202f54797065202f466f6e740a2f53756274797065202f434944466f6e7454797065320a2f42617365466f6e74202f417269616c426f6c640a2f43494453797374656d496e666f203c3c202f5265676973747279202841646f626529202f4f72646572696e6720284964656e7469747929202f537570706c656d656e742030203e3e0a2f466f6e7444657363726970746f72203930203020520a2f434944546f4749444d6170202f4964656e746974790a2f57205b30205b373434203636322035353220333330203237362035353220363036203237362032373620333330203630362033383620383832203630362032373620373136203535322033333020353532203535322035353220323736203535322036303620363036203630362035353220373136203630362037313620353532205d0a5d0a3e3e0a656e646f626a0a39332030206f626a0a3c3c202f4c656e67746820353734203e3e0a73747265616d0a2f434944496e6974202f50726f635365742066696e647265736f7572636520626567696e0a3132206469637420626567696e0a626567696e636d61700a2f43494453797374656d496e666f203c3c202f5265676973747279202841646f626529202f4f72646572696e67202855435329202f537570706c656d656e742030203e3e206465660a2f434d61704e616d65202f41646f62652d4964656e746974792d554353206465660a2f434d6170547970652032206465660a3120626567696e636f6465737061636572616e67650a3c303030303e203c464646463e0a656e64636f6465737061636572616e67650a3220626567696e626672616e67650a3c303030303e203c303030303e203c303030303e0a3c303030313e203c303031453e205b3c303035303e203c303036313e203c303037343e203c303036393e203c303036353e203c303036453e203c303032303e203c303034393e203c303036363e203c303036463e203c303037323e203c303036443e203c303035343e203c303036433e203c303034333e203c303037333e203c303033413e203c303033323e203c303033353e203c303033303e203c303032453e203c303032343e203c303036343e203c303036383e203c303037303e203c303037393e203c303034313e203c303036373e203c303034343e203c303036333e205d0a656e64626672616e67650a656e64636d61700a434d61704e616d652063757272656e7464696374202f434d617020646566696e657265736f7572636520706f700a656e640a656e640a656e6473747265616d0a656e646f626a0a34332030206f626a0a3c3c202f54797065202f466f6e740a2f53756274797065202f54797065300a2f42617365466f6e74202f417269616c426f6c640a2f456e636f64696e67202f4964656e746974792d480a2f44657363656e64616e74466f6e7473205b3932203020525d0a2f546f556e69636f6465203933203020523e3e0a656e646f626a0a332030206f626a0a3c3c0a2f54797065202f50616765730a2f4b696473200a5b0a36203020520a3438203020520a5d0a2f436f756e7420320a2f50726f63536574205b2f504446202f54657874202f496d61676542202f496d616765435d0a3e3e0a656e646f626a0a787265660a302039350a303030303030303030302036353533352066200a30303030303030303039203030303030206e200a30303030303030313230203030303030206e200a30303030303537363639203030303030206e200a30303030303030313639203030303030206e200a30303030303030323634203030303030206e200a30303030303238303635203030303030206e200a30303030303030333031203030303030206e200a30303030303030333436203030303030206e200a30303030303030353432203030303030206e200a30303030303030353630203030303030206e200a30303030303031333735203030303030206e200a30303030303031333935203030303030206e200a30303030303031353933203030303030206e200a30303030303031363132203030303030206e200a30303030303032343238203030303030206e200a30303030303032343438203030303030206e200a30303030303032363436203030303030206e200a30303030303032363635203030303030206e200a30303030303033343831203030303030206e200a30303030303033353031203030303030206e200a30303030303033363939203030303030206e200a30303030303033373138203030303030206e200a30303030303034353334203030303030206e200a30303030303034353534203030303030206e200a30303030303034393035203030303030206e200a30303030303034393235203030303030206e200a30303030303035373530203030303030206e200a30303030303035373730203030303030206e200a30303030303036313230203030303030206e200a30303030303036313430203030303030206e200a30303030303036393635203030303030206e200a30303030303036393835203030303030206e200a30303030303037333435203030303030206e200a30303030303037333635203030303030206e200a30303030303038313930203030303030206e200a30303030303038323130203030303030206e200a30303030303038353637203030303030206e200a30303030303038353837203030303030206e200a30303030303039343132203030303030206e200a30303030303039343332203030303030206e200a30303030303238303433203030303030206e200a30303030303439373237203030303030206e200a30303030303537353333203030303030206e200a30303030303238353138203030303030206e200a30303030303239393532203030303030206e200a30303030303238313836203030303030206e200a30303030303238343938203030303030206e200a30303030303339303633203030303030206e200a30303030303239393733203030303030206e200a30303030303330313731203030303030206e200a30303030303330313930203030303030206e200a30303030303331303036203030303030206e200a30303030303331303236203030303030206e200a30303030303331323234203030303030206e200a30303030303331323433203030303030206e200a30303030303332303539203030303030206e200a30303030303332303739203030303030206e200a30303030303332323737203030303030206e200a30303030303332323936203030303030206e200a30303030303333313132203030303030206e200a30303030303333313332203030303030206e200a30303030303333333330203030303030206e200a30303030303333333439203030303030206e200a30303030303334313635203030303030206e200a30303030303334313835203030303030206e200a30303030303334353336203030303030206e200a30303030303334353536203030303030206e200a30303030303335333831203030303030206e200a30303030303335343031203030303030206e200a30303030303335373531203030303030206e200a30303030303335373731203030303030206e200a30303030303336353936203030303030206e200a30303030303336363136203030303030206e200a30303030303336393736203030303030206e200a30303030303336393936203030303030206e200a30303030303337383231203030303030206e200a30303030303337383431203030303030206e200a30303030303338313938203030303030206e200a30303030303338323138203030303030206e200a30303030303339303433203030303030206e200a30303030303339343830203030303030206e200a30303030303339393931203030303030206e200a30303030303339313835203030303030206e200a30303030303339343630203030303030206e200a30303030303430303131203030303030206e200a30303030303430323634203030303030206e200a30303030303438353132203030303030206e200a30303030303438393431203030303030206e200a30303030303438343931203030303030206e200a30303030303439383636203030303030206e200a30303030303530313136203030303030206e200a30303030303536353735203030303030206e200a30303030303536393038203030303030206e200a30303030303536353534203030303030206e200a747261696c65720a3c3c0a2f53697a652039350a2f496e666f2031203020520a2f526f6f742032203020520a3e3e0a7374617274787265660a35373737340a2525454f460a, '2024-11-03 11:42:44', 63);

-- --------------------------------------------------------

--
-- Table structure for table `roles`
--

CREATE TABLE `roles` (
  `role_id` int(11) NOT NULL,
  `role_name` varchar(255) NOT NULL,
  `createdAt` datetime NOT NULL DEFAULT current_timestamp(),
  `updatedAt` datetime NOT NULL DEFAULT current_timestamp() ON UPDATE current_timestamp()
) ENGINE=InnoDB DEFAULT CHARSET=latin1 COLLATE=latin1_swedish_ci;

--
-- Dumping data for table `roles`
--

INSERT INTO `roles` (`role_id`, `role_name`, `createdAt`, `updatedAt`) VALUES
(1, 'patient', '2024-06-02 12:19:18', '2024-06-02 12:19:18'),
(2, 'admin', '2024-06-02 12:19:18', '2024-06-02 12:19:18'),
(3, 'doctor', '2024-06-02 12:19:18', '2024-06-02 12:19:18');

-- --------------------------------------------------------

--
-- Table structure for table `room`
--

CREATE TABLE `room` (
  `Room_ID` int(11) NOT NULL,
  `Room_type` varchar(20) NOT NULL,
  `Patient_ID` int(11) DEFAULT NULL,
  `Room_cost` decimal(10,2) DEFAULT NULL
) ENGINE=InnoDB DEFAULT CHARSET=utf8mb4 COLLATE=utf8mb4_general_ci;

--
-- Dumping data for table `room`
--

INSERT INTO `room` (`Room_ID`, `Room_type`, `Patient_ID`, `Room_cost`) VALUES
(89, 'VIP', 63, 200.00);

-- --------------------------------------------------------

--
-- Table structure for table `staff`
--

CREATE TABLE `staff` (
  `Emp_ID` int(11) NOT NULL,
  `Emp_Fname` varchar(50) NOT NULL,
  `Emp_Lname` varchar(50) NOT NULL,
  `Joining_Date` date NOT NULL,
  `Emp_type` varchar(50) NOT NULL,
  `Email` varchar(100) DEFAULT NULL,
  `Address` varchar(255) DEFAULT NULL,
  `Dept_ID` int(11) DEFAULT NULL,
  `DOB` date DEFAULT NULL,
  `Qualifications` varchar(50) DEFAULT NULL,
  `Specialization` varchar(50) DEFAULT NULL,
  `user_id` int(11) DEFAULT NULL
) ENGINE=InnoDB DEFAULT CHARSET=utf8mb4 COLLATE=utf8mb4_general_ci;

--
-- Dumping data for table `staff`
--

INSERT INTO `staff` (`Emp_ID`, `Emp_Fname`, `Emp_Lname`, `Joining_Date`, `Emp_type`, `Email`, `Address`, `Dept_ID`, `DOB`, `Qualifications`, `Specialization`, `user_id`) VALUES
(131, 'John', 'Doe', '2024-11-01', 'Doctor', 'John.derm@gmail.com', 'Dardania', 38, '2024-11-21', 'Bachelor\'s Degree', 'Neurology', 104),
(135, 'Mentor', 'Geci', '2024-11-03', 'Doctor', 'Mentor.neu@gmail.com', 'Dardania', 46, '2024-11-14', 'Master\'s Degree', 'Dermatology', 110);

-- --------------------------------------------------------

--
-- Table structure for table `userrole`
--

CREATE TABLE `userrole` (
  `UserRole_Id` int(11) NOT NULL,
  `user_id` int(11) NOT NULL,
  `role_id` int(11) NOT NULL,
  `createdAt` timestamp NULL DEFAULT current_timestamp(),
  `updatedAt` timestamp NULL DEFAULT current_timestamp() ON UPDATE current_timestamp()
) ENGINE=InnoDB DEFAULT CHARSET=latin1 COLLATE=latin1_swedish_ci;

--
-- Dumping data for table `userrole`
--

INSERT INTO `userrole` (`UserRole_Id`, `user_id`, `role_id`, `createdAt`, `updatedAt`) VALUES
(8, 8, 2, '2024-09-10 13:06:39', '2024-09-28 20:39:41'),
(102, 104, 3, '2024-11-01 20:58:37', '2024-11-01 20:58:37'),
(106, 108, 1, '2024-11-03 10:43:40', '2024-11-03 10:43:40'),
(107, 109, 1, '2024-11-03 10:51:09', '2024-11-03 10:51:09'),
(108, 110, 3, '2024-11-03 11:02:23', '2024-11-03 11:02:23');

-- --------------------------------------------------------

--
-- Table structure for table `users`
--

CREATE TABLE `users` (
  `user_id` int(11) NOT NULL,
  `email` varchar(100) NOT NULL,
  `username` varchar(50) NOT NULL,
  `password` varchar(100) NOT NULL
) ENGINE=InnoDB DEFAULT CHARSET=utf8mb4 COLLATE=utf8mb4_general_ci;

--
-- Dumping data for table `users`
--

INSERT INTO `users` (`user_id`, `email`, `username`, `password`) VALUES
(8, 'lg69462@ubt-uni.net', 'Admini', '$2b$10$.H9Y2aolRMZ0pQz2bLCnTuZHZapkrqENp.SZHkUxS9taHPFawL9tG'),
(104, 'John.derm@gmail.com', 'John', '$2b$10$iyyuobMYA/onqoOACTkZzuo8h4Ny.ngtxIIGeObHNOagMZbxckoni'),
(108, 'Rina@gmail.com', 'Rina', '$2b$10$aC03RVlcibmbNxQmX4tG.uihxTSaoCGoHuUuYh5VjQh/K0NdZo/Ty'),
(109, 'lir@gmail.com', 'Lir', '$2b$10$KKUEsjgr0.qdAGotjGZLgeyrRAbz.3dxv.0XOweNRTAp.QNoE2Y7.'),
(110, 'Mentor.neu@gmail.com', 'Mentor', '$2b$10$LG5egPc59/r5UDwl0hf/CeL3qumH0smC3fZ4xd4YwHi5TE1p5bzBq');

-- --------------------------------------------------------

--
-- Table structure for table `visits`
--

CREATE TABLE `visits` (
  `Visit_ID` int(11) NOT NULL,
  `Patient_ID` int(11) DEFAULT NULL,
  `Doctor_ID` int(11) DEFAULT NULL,
  `date_of_visit` date DEFAULT NULL,
  `condition` varchar(255) DEFAULT NULL,
  `Time` time NOT NULL,
  `therapy` varchar(255) DEFAULT NULL
) ENGINE=InnoDB DEFAULT CHARSET=latin1 COLLATE=latin1_swedish_ci;

--
-- Dumping data for table `visits`
--

INSERT INTO `visits` (`Visit_ID`, `Patient_ID`, `Doctor_ID`, `date_of_visit`, `condition`, `Time`, `therapy`) VALUES
(162, 63, 110, '2024-11-16', 'Minor Issues', '07:30:00', 'Yes');

--
-- Indexes for dumped tables
--

--
-- Indexes for table `bill`
--
ALTER TABLE `bill`
  ADD PRIMARY KEY (`Bill_ID`),
  ADD KEY `Patient_ID` (`Patient_ID`);

--
-- Indexes for table `department`
--
ALTER TABLE `department`
  ADD PRIMARY KEY (`Dept_ID`);

--
-- Indexes for table `doctor`
--
ALTER TABLE `doctor`
  ADD PRIMARY KEY (`Doctor_ID`),
  ADD KEY `Emp_ID` (`Emp_ID`);

--
-- Indexes for table `emergency_contact`
--
ALTER TABLE `emergency_contact`
  ADD PRIMARY KEY (`Contact_ID`),
  ADD KEY `Patient_ID` (`Patient_ID`);

--
-- Indexes for table `insurance`
--
ALTER TABLE `insurance`
  ADD PRIMARY KEY (`Policy_Number`),
  ADD KEY `Patient_ID` (`Patient_ID`);

--
-- Indexes for table `medical_history`
--
ALTER TABLE `medical_history`
  ADD PRIMARY KEY (`Record_ID`),
  ADD KEY `Patient_ID` (`Patient_ID`);

--
-- Indexes for table `medicine`
--
ALTER TABLE `medicine`
  ADD PRIMARY KEY (`Medicine_ID`),
  ADD KEY `medicine_ibfk_1` (`Patient_ID`);

--
-- Indexes for table `patient`
--
ALTER TABLE `patient`
  ADD PRIMARY KEY (`Patient_ID`),
  ADD KEY `user_id` (`user_id`);

--
-- Indexes for table `payroll`
--
ALTER TABLE `payroll`
  ADD PRIMARY KEY (`Account_no`),
  ADD KEY `Emp_ID` (`Emp_ID`);

--
-- Indexes for table `rating`
--
ALTER TABLE `rating`
  ADD PRIMARY KEY (`Rating_ID`),
  ADD KEY `Emp_ID` (`Emp_ID`);

--
-- Indexes for table `reports`
--
ALTER TABLE `reports`
  ADD PRIMARY KEY (`Report_ID`),
  ADD KEY `reports_ibfk_1` (`Patient_ID`);

--
-- Indexes for table `roles`
--
ALTER TABLE `roles`
  ADD PRIMARY KEY (`role_id`);

--
-- Indexes for table `room`
--
ALTER TABLE `room`
  ADD PRIMARY KEY (`Room_ID`),
  ADD KEY `Patient_ID` (`Patient_ID`);

--
-- Indexes for table `staff`
--
ALTER TABLE `staff`
  ADD PRIMARY KEY (`Emp_ID`),
  ADD KEY `Dept_ID` (`Dept_ID`),
  ADD KEY `user_id` (`user_id`);

--
-- Indexes for table `userrole`
--
ALTER TABLE `userrole`
  ADD PRIMARY KEY (`UserRole_Id`),
  ADD KEY `user_id` (`user_id`),
  ADD KEY `role_id` (`role_id`);

--
-- Indexes for table `users`
--
ALTER TABLE `users`
  ADD PRIMARY KEY (`user_id`),
  ADD UNIQUE KEY `email` (`email`),
  ADD UNIQUE KEY `username` (`username`);

--
-- Indexes for table `visits`
--
ALTER TABLE `visits`
  ADD PRIMARY KEY (`Visit_ID`),
  ADD KEY `Patient_ID` (`Patient_ID`),
  ADD KEY `Doctor_ID` (`Doctor_ID`);

--
-- AUTO_INCREMENT for dumped tables
--

--
-- AUTO_INCREMENT for table `bill`
--
ALTER TABLE `bill`
  MODIFY `Bill_ID` int(11) NOT NULL AUTO_INCREMENT, AUTO_INCREMENT=129;

--
-- AUTO_INCREMENT for table `department`
--
ALTER TABLE `department`
  MODIFY `Dept_ID` int(11) NOT NULL AUTO_INCREMENT, AUTO_INCREMENT=47;

--
-- AUTO_INCREMENT for table `doctor`
--
ALTER TABLE `doctor`
  MODIFY `Doctor_ID` int(11) NOT NULL AUTO_INCREMENT, AUTO_INCREMENT=111;

--
-- AUTO_INCREMENT for table `emergency_contact`
--
ALTER TABLE `emergency_contact`
  MODIFY `Contact_ID` int(11) NOT NULL AUTO_INCREMENT, AUTO_INCREMENT=75;

--
-- AUTO_INCREMENT for table `insurance`
--
ALTER TABLE `insurance`
  MODIFY `Policy_Number` int(11) NOT NULL AUTO_INCREMENT, AUTO_INCREMENT=123;

--
-- AUTO_INCREMENT for table `medical_history`
--
ALTER TABLE `medical_history`
  MODIFY `Record_ID` int(11) NOT NULL AUTO_INCREMENT, AUTO_INCREMENT=31;

--
-- AUTO_INCREMENT for table `medicine`
--
ALTER TABLE `medicine`
  MODIFY `Medicine_ID` int(11) NOT NULL AUTO_INCREMENT, AUTO_INCREMENT=131;

--
-- AUTO_INCREMENT for table `patient`
--
ALTER TABLE `patient`
  MODIFY `Patient_ID` int(11) NOT NULL AUTO_INCREMENT, AUTO_INCREMENT=64;

--
-- AUTO_INCREMENT for table `payroll`
--
ALTER TABLE `payroll`
  MODIFY `Account_no` int(11) NOT NULL AUTO_INCREMENT, AUTO_INCREMENT=142;

--
-- AUTO_INCREMENT for table `rating`
--
ALTER TABLE `rating`
  MODIFY `Rating_ID` int(11) NOT NULL AUTO_INCREMENT, AUTO_INCREMENT=49;

--
-- AUTO_INCREMENT for table `reports`
--
ALTER TABLE `reports`
  MODIFY `Report_ID` int(11) NOT NULL AUTO_INCREMENT, AUTO_INCREMENT=185;

--
-- AUTO_INCREMENT for table `roles`
--
ALTER TABLE `roles`
  MODIFY `role_id` int(11) NOT NULL AUTO_INCREMENT, AUTO_INCREMENT=4;

--
-- AUTO_INCREMENT for table `room`
--
ALTER TABLE `room`
  MODIFY `Room_ID` int(11) NOT NULL AUTO_INCREMENT, AUTO_INCREMENT=90;

--
-- AUTO_INCREMENT for table `staff`
--
ALTER TABLE `staff`
  MODIFY `Emp_ID` int(11) NOT NULL AUTO_INCREMENT, AUTO_INCREMENT=136;

--
-- AUTO_INCREMENT for table `userrole`
--
ALTER TABLE `userrole`
  MODIFY `UserRole_Id` int(11) NOT NULL AUTO_INCREMENT, AUTO_INCREMENT=109;

--
-- AUTO_INCREMENT for table `users`
--
ALTER TABLE `users`
  MODIFY `user_id` int(11) NOT NULL AUTO_INCREMENT, AUTO_INCREMENT=111;

--
-- AUTO_INCREMENT for table `visits`
--
ALTER TABLE `visits`
  MODIFY `Visit_ID` int(11) NOT NULL AUTO_INCREMENT, AUTO_INCREMENT=163;

--
-- Constraints for dumped tables
--

--
-- Constraints for table `bill`
--
ALTER TABLE `bill`
  ADD CONSTRAINT `bill_ibfk_1` FOREIGN KEY (`Patient_ID`) REFERENCES `patient` (`Patient_ID`) ON DELETE CASCADE;

--
-- Constraints for table `doctor`
--
ALTER TABLE `doctor`
  ADD CONSTRAINT `doctor_ibfk_1` FOREIGN KEY (`Emp_ID`) REFERENCES `staff` (`Emp_ID`) ON DELETE CASCADE;

--
-- Constraints for table `emergency_contact`
--
ALTER TABLE `emergency_contact`
  ADD CONSTRAINT `emergency_contact_ibfk_1` FOREIGN KEY (`Patient_ID`) REFERENCES `patient` (`Patient_ID`) ON DELETE CASCADE;

--
-- Constraints for table `insurance`
--
ALTER TABLE `insurance`
  ADD CONSTRAINT `insurance_ibfk_1` FOREIGN KEY (`Patient_ID`) REFERENCES `patient` (`Patient_ID`) ON DELETE CASCADE;

--
-- Constraints for table `medical_history`
--
ALTER TABLE `medical_history`
  ADD CONSTRAINT `medical_history_ibfk_1` FOREIGN KEY (`Patient_ID`) REFERENCES `patient` (`Patient_ID`) ON DELETE CASCADE;

--
-- Constraints for table `medicine`
--
ALTER TABLE `medicine`
  ADD CONSTRAINT `medicine_ibfk_1` FOREIGN KEY (`Patient_ID`) REFERENCES `patient` (`Patient_ID`) ON DELETE CASCADE ON UPDATE CASCADE;

--
-- Constraints for table `patient`
--
ALTER TABLE `patient`
  ADD CONSTRAINT `patient_ibfk_1` FOREIGN KEY (`user_id`) REFERENCES `users` (`user_id`);

--
-- Constraints for table `payroll`
--
ALTER TABLE `payroll`
  ADD CONSTRAINT `payroll_ibfk_1` FOREIGN KEY (`Emp_ID`) REFERENCES `staff` (`Emp_ID`) ON DELETE CASCADE ON UPDATE CASCADE;

--
-- Constraints for table `rating`
--
ALTER TABLE `rating`
  ADD CONSTRAINT `fk_rating_staff` FOREIGN KEY (`Emp_ID`) REFERENCES `staff` (`Emp_ID`) ON DELETE CASCADE,
  ADD CONSTRAINT `rating_ibfk_2` FOREIGN KEY (`Emp_ID`) REFERENCES `staff` (`Emp_ID`) ON DELETE CASCADE;

--
-- Constraints for table `reports`
--
ALTER TABLE `reports`
  ADD CONSTRAINT `reports_ibfk_1` FOREIGN KEY (`Patient_ID`) REFERENCES `patient` (`Patient_ID`) ON DELETE CASCADE ON UPDATE CASCADE;

--
-- Constraints for table `room`
--
ALTER TABLE `room`
  ADD CONSTRAINT `room_ibfk_1` FOREIGN KEY (`Patient_ID`) REFERENCES `patient` (`Patient_ID`) ON DELETE CASCADE;

--
-- Constraints for table `staff`
--
ALTER TABLE `staff`
  ADD CONSTRAINT `staff_ibfk_1` FOREIGN KEY (`Dept_ID`) REFERENCES `department` (`Dept_ID`) ON DELETE CASCADE ON UPDATE CASCADE,
  ADD CONSTRAINT `staff_ibfk_2` FOREIGN KEY (`user_id`) REFERENCES `users` (`user_id`) ON DELETE CASCADE ON UPDATE CASCADE;

--
-- Constraints for table `userrole`
--
ALTER TABLE `userrole`
  ADD CONSTRAINT `userrole_ibfk_1` FOREIGN KEY (`user_id`) REFERENCES `users` (`user_id`) ON DELETE CASCADE,
  ADD CONSTRAINT `userrole_ibfk_2` FOREIGN KEY (`role_id`) REFERENCES `roles` (`role_id`) ON DELETE CASCADE;

--
-- Constraints for table `visits`
--
ALTER TABLE `visits`
  ADD CONSTRAINT `visits_ibfk_1` FOREIGN KEY (`Patient_ID`) REFERENCES `patient` (`Patient_ID`) ON DELETE CASCADE,
  ADD CONSTRAINT `visits_ibfk_2` FOREIGN KEY (`Doctor_ID`) REFERENCES `doctor` (`Doctor_ID`) ON DELETE CASCADE;
COMMIT;

/*!40101 SET CHARACTER_SET_CLIENT=@OLD_CHARACTER_SET_CLIENT */;
/*!40101 SET CHARACTER_SET_RESULTS=@OLD_CHARACTER_SET_RESULTS */;
/*!40101 SET COLLATION_CONNECTION=@OLD_COLLATION_CONNECTION */;
